#
# There is insufficient memory for the Java Runtime Environment to continue.
# Native memory allocation (mmap) failed to map 65536 bytes. Error detail: Failed to commit metaspace.
# Possible reasons:
#   The system is out of physical RAM or swap space
#   This process is running with CompressedOops enabled, and the Java Heap may be blocking the growth of the native heap
# Possible solutions:
#   Reduce memory load on the system
#   Increase physical memory or swap space
#   Check if swap backing store is full
#   Decrease Java heap size (-Xmx/-Xms)
#   Decrease number of Java threads
#   Decrease Java thread stack sizes (-Xss)
#   Set larger code cache with -XX:ReservedCodeCacheSize=
#   JVM is running with Unscaled Compressed Oops mode in which the Java heap is
#     placed in the first 4GB address space. The Java Heap base address is the
#     maximum limit for the native heap growth. Please use -XX:HeapBaseMinAddress
#     to set the Java Heap base and to place the Java Heap above 4GB virtual address.
# This output file may be truncated or incomplete.
#
#  Out of Memory Error (virtualSpaceNode.cpp:110), pid=21412, tid=33212
#
# JRE version: OpenJDK Runtime Environment Microsoft-12574423 (17.0.17+10) (build 17.0.17+10-LTS)
# Java VM: OpenJDK 64-Bit Server VM Microsoft-12574423 (17.0.17+10-LTS, mixed mode, emulated-client, sharing, tiered, compressed oops, compressed class ptrs, g1 gc, windows-amd64)
# No core dump will be written. Minidumps are not enabled by default on client versions of Windows
#

---------------  S U M M A R Y ------------

Command Line: -XX:TieredStopAtLevel=1 -Dfile.encoding=UTF-8 -Duser.country=KR -Duser.language=ko -Duser.variant com.today.fridge.TodayFridgeApplication

Host: Intel(R) Core(TM) i5-1035G4 CPU @ 1.10GHz, 8 cores, 7G,  Windows 11 , 64 bit Build 26100 (10.0.26100.8246)
Time: Tue May 12 07:43:56 2026  Windows 11 , 64 bit Build 26100 (10.0.26100.8246) elapsed time: 147.409050 seconds (0d 0h 2m 27s)

---------------  T H R E A D  ---------------

Current thread (0x000001c42ca2f310):  JavaThread "restartedMain" [_thread_in_vm, id=33212, stack(0x000000c036900000,0x000000c036a00000)]

Stack: [0x000000c036900000,0x000000c036a00000]
Native frames: (J=compiled Java code, j=interpreted, Vv=VM code, C=native code)
V  [jvm.dll+0x68c459]  (no source info available)
V  [jvm.dll+0x845e09]  (no source info available)
V  [jvm.dll+0x847b78]  (no source info available)
V  [jvm.dll+0x848203]  (no source info available)
V  [jvm.dll+0x24cf6f]  (no source info available)
V  [jvm.dll+0x841be7]  (no source info available)
V  [jvm.dll+0x632cbb]  (no source info available)
V  [jvm.dll+0x1c4c0d]  (no source info available)
V  [jvm.dll+0x635642]  (no source info available)
V  [jvm.dll+0x633676]  (no source info available)
V  [jvm.dll+0x24a87e]  (no source info available)
V  [jvm.dll+0x6e570d]  (no source info available)
V  [jvm.dll+0x6e60ef]  (no source info available)
V  [jvm.dll+0x37e3ad]  (no source info available)
V  [jvm.dll+0x37d434]  (no source info available)
V  [jvm.dll+0x37d3d8]  (no source info available)
V  [jvm.dll+0x38d68d]  (no source info available)
C  0x000001c421d59984  (no source info available)

The last pc belongs to new (printed below).
Java frames: (J=compiled Java code, j=interpreted, Vv=VM code)
j  org.springframework.boot.autoconfigure.orm.jpa.JpaBaseConfiguration.transactionManager(Lorg/springframework/beans/factory/ObjectProvider;)Lorg/springframework/transaction/PlatformTransactionManager;+0
v  ~StubRoutines::call_stub
J 4355  jdk.internal.reflect.NativeMethodAccessorImpl.invoke0(Ljava/lang/reflect/Method;Ljava/lang/Object;[Ljava/lang/Object;)Ljava/lang/Object; java.base@17.0.17 (0 bytes) @ 0x000001c42262ac47 [0x000001c42262abc0+0x0000000000000087]
J 4837 c1 jdk.internal.reflect.NativeMethodAccessorImpl.invoke(Ljava/lang/Object;[Ljava/lang/Object;)Ljava/lang/Object; java.base@17.0.17 (137 bytes) @ 0x000001c4226cf914 [0x000001c4226cf600+0x0000000000000314]
J 4037 c1 jdk.internal.reflect.DelegatingMethodAccessorImpl.invoke(Ljava/lang/Object;[Ljava/lang/Object;)Ljava/lang/Object; java.base@17.0.17 (10 bytes) @ 0x000001c42259eb04 [0x000001c42259eac0+0x0000000000000044]
J 4038 c1 java.lang.reflect.Method.invoke(Ljava/lang/Object;[Ljava/lang/Object;)Ljava/lang/Object; java.base@17.0.17 (65 bytes) @ 0x000001c42259f764 [0x000001c42259f660+0x0000000000000104]
j  org.springframework.beans.factory.support.SimpleInstantiationStrategy.lambda$instantiate$0(Ljava/lang/reflect/Method;Ljava/lang/Object;[Ljava/lang/Object;Lorg/springframework/beans/factory/support/RootBeanDefinition;Lorg/springframework/beans/factory/BeanFactory;)Ljava/lang/Object;+7
j  org.springframework.beans.factory.support.SimpleInstantiationStrategy$$Lambda$704+0x000001c42e44b658.get()Ljava/lang/Object;+20
j  org.springframework.beans.factory.support.SimpleInstantiationStrategy.instantiateWithFactoryMethod(Ljava/lang/reflect/Method;Ljava/util/function/Supplier;)Ljava/lang/Object;+18
j  org.springframework.beans.factory.support.SimpleInstantiationStrategy.instantiate(Lorg/springframework/beans/factory/support/RootBeanDefinition;Ljava/lang/String;Lorg/springframework/beans/factory/BeanFactory;Ljava/lang/Object;Ljava/lang/reflect/Method;[Ljava/lang/Object;)Ljava/lang/Object;+15
j  org.springframework.beans.factory.support.ConstructorResolver.instantiate(Ljava/lang/String;Lorg/springframework/beans/factory/support/RootBeanDefinition;Ljava/lang/Object;Ljava/lang/reflect/Method;[Ljava/lang/Object;)Ljava/lang/Object;+18
j  org.springframework.beans.factory.support.ConstructorResolver.instantiateUsingFactoryMethod(Ljava/lang/String;Lorg/springframework/beans/factory/support/RootBeanDefinition;[Ljava/lang/Object;)Lorg/springframework/beans/BeanWrapper;+1484
J 8986 c1 org.springframework.beans.factory.support.AbstractAutowireCapableBeanFactory.createBeanInstance(Ljava/lang/String;Lorg/springframework/beans/factory/support/RootBeanDefinition;[Ljava/lang/Object;)Lorg/springframework/beans/BeanWrapper; (245 bytes) @ 0x000001c422c88e5c [0x000001c422c88580+0x00000000000008dc]
J 9332 c1 org.springframework.beans.factory.support.AbstractAutowireCapableBeanFactory.doCreateBean(Ljava/lang/String;Lorg/springframework/beans/factory/support/RootBeanDefinition;[Ljava/lang/Object;)Ljava/lang/Object; (465 bytes) @ 0x000001c422a5f904 [0x000001c422a5f780+0x0000000000000184]
J 9331 c1 org.springframework.beans.factory.support.AbstractAutowireCapableBeanFactory.createBean(Ljava/lang/String;Lorg/springframework/beans/factory/support/RootBeanDefinition;[Ljava/lang/Object;)Ljava/lang/Object; (214 bytes) @ 0x000001c422a62454 [0x000001c422a62000+0x0000000000000454]
J 9766 c1 org.springframework.beans.factory.support.AbstractBeanFactory$$Lambda$393+0x000001c42e1cbad8.getObject()Ljava/lang/Object; (20 bytes) @ 0x000001c422d602fc [0x000001c422d602a0+0x000000000000005c]
J 9765 c1 org.springframework.beans.factory.support.DefaultSingletonBeanRegistry.getSingleton(Ljava/lang/String;Lorg/springframework/beans/factory/ObjectFactory;)Ljava/lang/Object; (1299 bytes) @ 0x000001c422d5b5f4 [0x000001c422d5a6c0+0x0000000000000f34]
J 3219 c1 org.springframework.beans.factory.support.AbstractBeanFactory.doGetBean(Ljava/lang/String;Ljava/lang/Class;[Ljava/lang/Object;Z)Ljava/lang/Object; (787 bytes) @ 0x000001c4223d8cdc [0x000001c4223d8700+0x00000000000005dc]
J 9803 c1 org.springframework.beans.factory.support.DefaultListableBeanFactory.instantiateSingleton(Ljava/lang/String;)V (56 bytes) @ 0x000001c422d73fac [0x000001c422d73c00+0x00000000000003ac]
J 9802 c1 org.springframework.beans.factory.support.DefaultListableBeanFactory.preInstantiateSingleton(Ljava/lang/String;Lorg/springframework/beans/factory/support/RootBeanDefinition;)Ljava/util/concurrent/CompletableFuture; (165 bytes) @ 0x000001c422d7331c [0x000001c422d730e0+0x000000000000023c]
j  org.springframework.beans.factory.support.DefaultListableBeanFactory.preInstantiateSingletons()V+130
j  org.springframework.context.support.AbstractApplicationContext.finishBeanFactoryInitialization(Lorg/springframework/beans/factory/config/ConfigurableListableBeanFactory;)V+290
j  org.springframework.context.support.AbstractApplicationContext.refresh()V+94
j  org.springframework.boot.web.servlet.context.ServletWebServerApplicationContext.refresh()V+1
j  org.springframework.boot.SpringApplication.refresh(Lorg/springframework/context/ConfigurableApplicationContext;)V+1
j  org.springframework.boot.SpringApplication.refreshContext(Lorg/springframework/context/ConfigurableApplicationContext;)V+19
j  org.springframework.boot.SpringApplication.run([Ljava/lang/String;)Lorg/springframework/context/ConfigurableApplicationContext;+113
j  org.springframework.boot.SpringApplication.run([Ljava/lang/Class;[Ljava/lang/String;)Lorg/springframework/context/ConfigurableApplicationContext;+9
j  org.springframework.boot.SpringApplication.run(Ljava/lang/Class;[Ljava/lang/String;)Lorg/springframework/context/ConfigurableApplicationContext;+9
j  com.today.fridge.TodayFridgeApplication.main([Ljava/lang/String;)V+3
v  ~StubRoutines::call_stub
j  jdk.internal.reflect.NativeMethodAccessorImpl.invoke0(Ljava/lang/reflect/Method;Ljava/lang/Object;[Ljava/lang/Object;)Ljava/lang/Object;+0 java.base@17.0.17
j  jdk.internal.reflect.NativeMethodAccessorImpl.invoke(Ljava/lang/Object;[Ljava/lang/Object;)Ljava/lang/Object;+133 java.base@17.0.17
j  jdk.internal.reflect.DelegatingMethodAccessorImpl.invoke(Ljava/lang/Object;[Ljava/lang/Object;)Ljava/lang/Object;+6 java.base@17.0.17
j  java.lang.reflect.Method.invoke(Ljava/lang/Object;[Ljava/lang/Object;)Ljava/lang/Object;+59 java.base@17.0.17
j  org.springframework.boot.devtools.restart.RestartLauncher.run()V+47
v  ~StubRoutines::call_stub
new  187 new  [0x000001c421d597e0, 0x000001c421d59a00]  544 bytes
[MachCode]
  0x000001c421d597e0: 4883 ec08 | c5fa 1104 | 24eb 1f48 | 83ec 10c5 | fb11 0424 | eb14 4883 | ec10 4889 | 0424 48c7 
  0x000001c421d59800: 4424 0800 | 0000 00eb | 0150 410f | b755 010f | cac1 ea10 | 488b 4de8 | 488b 4908 | 488b 4908 
  0x000001c421d59820: 488b 4108 | 807c 1004 | 070f 85df | 0000 0066 | 8b54 d148 | 488b 4928 | 488b 4cd1 | 0851 80b9 
  0x000001c421d59840: 3301 0000 | 040f 85c2 | 0000 008b | 5108 f7c2 | 0100 0000 | 0f85 b300 | 0000 498b | 8708 0100 
  0x000001c421d59860: 0048 8d1c | 1049 3b9f | 1801 0000 | 0f87 9b00 | 0000 4989 | 9f08 0100 | 00e9 0000 | 0000 4883 
  0x000001c421d59880: ea10 0f84 | 0f00 0000 | 33c9 c1ea | 0348 894c | d008 48ff | ca75 f648 | c700 0100 | 0000 5933 
  0x000001c421d598a0: f689 700c | 49ba 0000 | 002d c401 | 0000 492b | ca89 4808 | 49ba a8b8 | c2fb f87f | 0000 4180 
  0x000001c421d598c0: 3a00 0f84 | 4000 0000 | 5048 8bc8 | 4883 ec20 | f7c4 0f00 | 0000 0f84 | 1a00 0000 | 4883 ec08 
  0x000001c421d598e0: 49ba d051 | 78fb f87f | 0000 41ff | d248 83c4 | 08e9 0d00 | 0000 49ba | d051 78fb | f87f 0000 
  0x000001c421d59900: 41ff d248 | 83c4 2058 | e9cd 0000 | 0059 488b | 55e8 488b | 5208 488b | 5208 450f | b745 0141 
  0x000001c421d59920: 0fc8 41c1 | e810 e805 | 0000 00e9 | aa00 0000 | 488d 4424 | 084c 896d | c049 8bcf | c5f8 7749 
  0x000001c421d59940: 89af b002 | 0000 4989 | 87a0 0200 | 0048 83ec | 20f7 c40f | 0000 000f | 841a 0000 | 0048 83ec 
  0x000001c421d59960: 0849 ba00 | d641 fbf8 | 7f00 0041 | ffd2 4883 | c408 e90d | 0000 0049 | ba00 d641 | fbf8 7f00 
  0x000001c421d59980: 0041 ffd2 | 4883 c420 | 49c7 87a0 | 0200 0000 | 0000 0049 | c787 b002 | 0000 0000 | 0000 49c7 
  0x000001c421d599a0: 87a8 0200 | 0000 0000 | 00c5 f877 | 4981 7f08 | 0000 0000 | 0f84 0500 | 0000 e941 | 75fe ff49 
  0x000001c421d599c0: 8b87 f802 | 0000 49c7 | 87f8 0200 | 0000 0000 | 004c 8b6d | c04c 8b75 | c8c3 410f | b65d 0349 
  0x000001c421d599e0: 83c5 0349 | bae0 29c5 | fbf8 7f00 | 0041 ff24 | da0f 1f80 | 0000 0000 | 0000 0000 | 0000 0000 
[/MachCode]

Compiled method (n/a) 147789 4355     n 0       jdk.internal.reflect.NativeMethodAccessorImpl::invoke0 (native)
 total in heap  [0x000001c42262aa10,0x000001c42262aed0] = 1216
 relocation     [0x000001c42262ab70,0x000001c42262aba8] = 56
 main code      [0x000001c42262abc0,0x000001c42262aed0] = 784

[Constant Pool (empty)]

[MachCode]
[Entry Point]
  # {method} {0x000001c42d1bf040} 'invoke0' '(Ljava/lang/reflect/Method;Ljava/lang/Object;[Ljava/lang/Object;)Ljava/lang/Object;' in 'jdk/internal/reflect/NativeMethodAccessorImpl'
  # parm0:    rdx:rdx   = 'java/lang/reflect/Method'
  # parm1:    r8:r8     = 'java/lang/Object'
  # parm2:    r9:r9     = '[Ljava/lang/Object;'
  #           [sp+0x80]  (sp of caller)
  0x000001c42262abc0: 448b 5208 | 49bb 0000 | 002d c401 | 0000 4d03 | d349 3bc2 | 0f84 0600 

  0x000001c42262abd8: ;   {runtime_call ic_miss_stub}
  0x000001c42262abd8: 0000 e9a1 | 6976 ff90 
[Verified Entry Point]
  0x000001c42262abe0: 8984 2400 | 90ff ff55 | 488b ec48 | 83ec 704c | 894c 2438 | 4983 f900 | 488d 4424 | 3848 0f44 
  0x000001c42262ac00: 4424 3848 | 8944 2420 | 4c89 4424 | 3049 83f8 | 004c 8d4c | 2430 4c0f | 444c 2430 | 4889 5424 
  0x000001c42262ac20: 2848 83fa | 004c 8d44 | 2428 4c0f | 4444 2428 

  0x000001c42262ac30: ;   {oop(a 'java/lang/Class'{0x0000000083f4c368} = 'jdk/internal/reflect/NativeMethodAccessorImpl')}
  0x000001c42262ac30: 49be 68c3 | f483 0000 | 0000 4c89 | 7424 584c | 8d74 2458 | 498b d6c5 

  0x000001c42262ac48: ;   {internal_word}
  0x000001c42262ac48: f877 49ba | 47ac 6222 | c401 0000 | 4d89 97a8 | 0200 0049 | 89a7 a002 

  0x000001c42262ac60: ;   {external_word}
  0x000001c42262ac60: 0000 49ba | 9fb8 c2fb | f87f 0000 | 4180 3a00 | 0f84 5200 | 0000 5241 

  0x000001c42262ac78: ;   {metadata({method} {0x000001c42d1bf040} 'invoke0' '(Ljava/lang/reflect/Method;Ljava/lang/Object;[Ljava/lang/Object;)Ljava/lang/Object;' in 'jdk/internal/reflect/NativeMethodAccessorImpl')}
  0x000001c42262ac78: 5041 5148 | ba38 f01b | 2dc4 0100 | 0049 8bcf | 4883 ec20 | f7c4 0f00 | 0000 0f84 | 1a00 0000 
  0x000001c42262ac98: 4883 ec08 

  0x000001c42262ac9c: ;   {runtime_call}
  0x000001c42262ac9c: 49ba b051 | 78fb f87f | 0000 41ff | d248 83c4 | 08e9 0d00 

  0x000001c42262acb0: ;   {runtime_call}
  0x000001c42262acb0: 0000 49ba | b051 78fb | f87f 0000 | 41ff d248 | 83c4 2041 | 5941 585a | 498d 8fc0 | 0200 0041 
  0x000001c42262acd0: c787 4803 | 0000 0400 

  0x000001c42262acd8: ;   {runtime_call}
  0x000001c42262acd8: 0000 49ba | 5c3f 838b | f97f 0000 | 41ff d2c5 | f877 41c7 | 8748 0300 | 0005 0000 | 00f0 8344 
  0x000001c42262acf8: 24c0 0049 | 3baf 5003 | 0000 0f87 | 1100 0000 | 4181 bf38 | 0300 0000 | 0000 000f | 842c 0000 
  0x000001c42262ad18: 00c5 f877 | 4889 45f8 | 498b cf4c | 8be4 4883 | ec20 4883 

  0x000001c42262ad2c: ;   {runtime_call}
  0x000001c42262ad2c: e4f0 49ba | 105f 88fb | f87f 0000 | 41ff d249 | 8be4 4d33 | e448 8b45 | f841 c787 | 4803 0000 
  0x000001c42262ad4c: 0800 0000 | 4181 bfb8 | 0300 0002 | 0000 000f | 843f 0100 

  0x000001c42262ad60: ;   {external_word}
  0x000001c42262ad60: 0049 ba9f | b8c2 fbf8 | 7f00 0041 | 803a 000f | 8450 0000 | 0048 8945 

  0x000001c42262ad78: ;   {metadata({method} {0x000001c42d1bf040} 'invoke0' '(Ljava/lang/reflect/Method;Ljava/lang/Object;[Ljava/lang/Object;)Ljava/lang/Object;' in 'jdk/internal/reflect/NativeMethodAccessorImpl')}
  0x000001c42262ad78: f848 ba38 | f01b 2dc4 | 0100 0049 | 8bcf 4883 | ec20 f7c4 | 0f00 0000 | 0f84 1a00 | 0000 4883 
  0x000001c42262ad98: ;   {runtime_call}
  0x000001c42262ad98: ec08 49ba | b051 78fb | f87f 0000 | 41ff d248 | 83c4 08e9 | 0d00 0000 

  0x000001c42262adb0: ;   {runtime_call}
  0x000001c42262adb0: 49ba b051 | 78fb f87f | 0000 41ff | d248 83c4 | 2048 8b45 | f849 c787 | a002 0000 | 0000 0000 
  0x000001c42262add0: 49c7 87a8 | 0200 0000 | 0000 00c5 | f877 4885 | c00f 8493 | 0000 0048 | f7c0 0100 | 0000 0f84 
  0x000001c42262adf0: 8300 0000 | 488b 40ff | 4180 7f38 | 000f 846f | 0000 0048 | 83f8 000f | 8465 0000 | 0049 8b4f 
  0x000001c42262ae10: 2048 83f9 | 000f 8414 | 0000 0048 | 83e9 0849 | 894f 2049 | 034f 3048 | 8901 e943 | 0000 0050 
  0x000001c42262ae30: 498b d748 | 8bc8 4883 | ec20 f7c4 | 0f00 0000 | 0f84 1a00 | 0000 4883 

  0x000001c42262ae48: ;   {runtime_call}
  0x000001c42262ae48: ec08 49ba | 10cf 36fb | f87f 0000 | 41ff d248 | 83c4 08e9 | 0d00 0000 

  0x000001c42262ae60: ;   {runtime_call}
  0x000001c42262ae60: 49ba 10cf | 36fb f87f | 0000 41ff | d248 83c4 | 2058 e903 | 0000 0048 | 8b00 498b | 8fd8 0000 
  0x000001c42262ae80: 00c7 8100 | 0100 0000 | 0000 00c9 | 4981 7f08 | 0000 0000 | 0f85 0100 

  0x000001c42262ae98: ;   {runtime_call StubRoutines (1)}
  0x000001c42262ae98: 0000 c3e9 | 6060 71ff | c5f8 7748 | 8945 f84c | 8be4 4883 | ec20 4883 

  0x000001c42262aeb0: ;   {runtime_call}
  0x000001c42262aeb0: e4f0 49ba | 7082 78fb | f87f 0000 | 41ff d249 | 8be4 4d33 | e448 8b45 | f8e9 93fe | ffff f4f4 
[/MachCode]


Compiled method (c1) 147898 4837   !   1       jdk.internal.reflect.NativeMethodAccessorImpl::invoke (137 bytes)
 total in heap  [0x000001c4226cf410,0x000001c4226cfe10] = 2560
 relocation     [0x000001c4226cf570,0x000001c4226cf5f8] = 136
 main code      [0x000001c4226cf600,0x000001c4226cfa20] = 1056
 stub code      [0x000001c4226cfa20,0x000001c4226cfaa8] = 136
 metadata       [0x000001c4226cfaa8,0x000001c4226cfac8] = 32
 scopes data    [0x000001c4226cfac8,0x000001c4226cfb88] = 192
 scopes pcs     [0x000001c4226cfb88,0x000001c4226cfca8] = 288
 dependencies   [0x000001c4226cfca8,0x000001c4226cfcb0] = 8
 handler table  [0x000001c4226cfcb0,0x000001c4226cfdd0] = 288
 nul chk table  [0x000001c4226cfdd0,0x000001c4226cfe10] = 64

[Constant Pool (empty)]

[MachCode]
[Entry Point]
  # {method} {0x000001c42d1beb18} 'invoke' '(Ljava/lang/Object;[Ljava/lang/Object;)Ljava/lang/Object;' in 'jdk/internal/reflect/NativeMethodAccessorImpl'
  # this:     rdx:rdx   = 'jdk/internal/reflect/NativeMethodAccessorImpl'
  # parm0:    r8:r8     = 'java/lang/Object'
  # parm1:    r9:r9     = '[Ljava/lang/Object;'
  #           [sp+0xd0]  (sp of caller)
  0x000001c4226cf600: 448b 5208 | 49bb 0000 | 002d c401 | 0000 4d03 | d34c 3bd0 

  0x000001c4226cf614: ;   {runtime_call ic_miss_stub}
  0x000001c4226cf614: 0f85 661f | 6cff 660f | 1f44 0000 
[Verified Entry Point]
  0x000001c4226cf620: 8984 2400 | 90ff ff55 | 4881 ecc0 | 0000 0048 | 8954 2470 | 8b72 0cff | c689 720c 

  0x000001c4226cf63c: ;   {oop(a 'java/lang/Class'{0x0000000083fc0dc0} = 'jdk/internal/reflect/ReflectionFactory')}
  0x000001c4226cf63c: 48bf c00d | fc83 0000 | 0000 8b7f | 783b f70f | 8f08 0000 | 0048 8bf2 | e9b2 0200 | 004c 898c 
  0x000001c4226cf65c: 2480 0000 | 004c 8944 | 2478 8b72 | 148b 7624 

  0x000001c4226cf66c: ; implicit exception: dispatches to 0x000001c4226cf962
  0x000001c4226cf66c: 483b 0648 | 8bd6 0f1f 

  0x000001c4226cf674: ;   {optimized virtual_call}
  0x000001c4226cf674: 4400 00e8 

  0x000001c4226cf678: ; ImmutableOopMap {[112]=Oop [128]=Oop [120]=Oop }
                      ;*invokevirtual isHidden {reexecute=0 rethrow=0 return_oop=0}
                      ; - jdk.internal.reflect.NativeMethodAccessorImpl::invoke@24 (line 57)
  0x000001c4226cf678: 4440 92ff | 83f8 000f | 8417 0000 | 004c 8b8c | 2480 0000 | 004c 8b44 | 2478 488b | 7424 70e9 
  0x000001c4226cf698: 6f02 0000 | 488b 5424 | 708b 4210 | 83f8 000f | 8415 0000 | 004c 8b8c | 2480 0000 | 004c 8b44 
  0x000001c4226cf6b8: 2478 488b | f2e9 4902 | 0000 488d | 7210 b800 | 0000 00bf | 0100 0000 | f00f b13e | be01 0000 
  0x000001c4226cf6d8: 000f 8405 | 0000 00be | 0000 0000 | 83fe 000f | 8515 0000 | 004c 8b8c | 2480 0000 | 004c 8b44 
  0x000001c4226cf6f8: 2478 488b | f2e9 0902 | 0000 488b 

  0x000001c4226cf704: ;   {metadata('jdk/internal/reflect/MethodAccessorGenerator')}
  0x000001c4226cf704: da48 baf8 | 4c0d 2ec4 | 0100 0049 | 8b87 0801 | 0000 488d | b890 0000 | 0049 3bbf | 1801 0000 
  0x000001c4226cf724: 0f87 3d02 | 0000 4989 | bf08 0100 | 0048 c700 | 0100 0000 | 488b ca49 | ba00 0000 | 2dc4 0100 
  0x000001c4226cf744: 0049 2bca | 8948 0848 | 33c9 8948 | 0c48 33c9 | 48bf 1000 | 0000 0000 | 0000 4889 | 4cf8 0848 
  0x000001c4226cf764: ffcf 75f6 | ba1e 0000 | 0066 8950 | 6aba 4900 | 0000 6689 | 506c 8b53 | 148b 7224 | 8b7a 288b 
  0x000001c4226cf784: 5230 4889 | 8424 9800 | 0000 4889 | bc24 9000 | 0000 4889 | b424 8800 | 0000 0f1f | 8000 0000 
  0x000001c4226cf7a4: 0048 b878 | 1c00 2dc4 

  0x000001c4226cf7ac: ;   {virtual_call}
  0x000001c4226cf7ac: 0100 00e8 

  0x000001c4226cf7b0: ; ImmutableOopMap {[128]=Oop [120]=Oop [152]=Oop [112]=Oop [144]=Oop [136]=Oop }
                      ;*invokevirtual clone {reexecute=0 rethrow=0 return_oop=0}
                      ; - java.lang.reflect.Method::getParameterTypes@4 (line 315)
                      ; - jdk.internal.reflect.NativeMethodAccessorImpl::invoke@77 (line 65)
  0x000001c4226cf7b0: 8c9c 8aff | 4883 f800 | 0f84 2900 

  0x000001c4226cf7bc: ;   {metadata('java/lang/Class'[])}
  0x000001c4226cf7bc: 0000 48bb | 781c 002d | c401 0000 | 8b78 0849 | ba00 0000 | 2dc4 0100 | 0049 03fa | 483b 5f40 
  0x000001c4226cf7dc: 0f85 9701 | 0000 e900 | 0000 0048 | 8bf0 488b | 5424 708b | 7a14 8b5f | 2c8b 7f34 | 488b d748 
  0x000001c4226cf7fc: 899c 24a8 | 0000 0048 | 89b4 24a0 | 0000 0066 | 9048 b878 | 1c00 2dc4 

  0x000001c4226cf814: ;   {virtual_call}
  0x000001c4226cf814: 0100 00e8 

  0x000001c4226cf818: ; ImmutableOopMap {[128]=Oop [120]=Oop [152]=Oop [144]=Oop [136]=Oop [112]=Oop [168]=Oop [160]=Oop }
                      ;*invokevirtual clone {reexecute=0 rethrow=0 return_oop=0}
                      ; - java.lang.reflect.Method::getExceptionTypes@4 (line 342)
                      ; - jdk.internal.reflect.NativeMethodAccessorImpl::invoke@91 (line 67)
  0x000001c4226cf818: 249c 8aff | 4883 f800 | 0f84 2a00 

  0x000001c4226cf824: ;   {metadata('java/lang/Class'[])}
  0x000001c4226cf824: 0000 48bf | 781c 002d | c401 0000 | 448b 4808 | 49ba 0000 | 002d c401 | 0000 4d03 | ca49 3b79 
  0x000001c4226cf844: 400f 853c | 0100 00e9 | 0000 0000 | 488b c848 | 8b54 2470 | 448b 4214 

  0x000001c4226cf85c: ; implicit exception: dispatches to 0x000001c4226cf990
  0x000001c4226cf85c: 418b 5820 | 4c8b 8424 | 8800 0000 | 4c8b 8c24 | 9000 0000 | 488b bc24 | a000 0000 | 488b b424 
  0x000001c4226cf87c: a800 0000 | 891c 2448 | 8b94 2498 | 0000 000f 

  0x000001c4226cf88c: ;   {optimized virtual_call}
  0x000001c4226cf88c: 1f40 00e8 

  0x000001c4226cf890: ; ImmutableOopMap {[128]=Oop [120]=Oop [112]=Oop }
                      ;*invokevirtual generateMethod {reexecute=0 rethrow=0 return_oop=0}
                      ; - jdk.internal.reflect.NativeMethodAccessorImpl::invoke@101 (line 63)
  0x000001c4226cf890: c101 0000 | 4883 f800 | 0f84 2a00 

  0x000001c4226cf89c: ;   {metadata('jdk/internal/reflect/MethodAccessorImpl')}
  0x000001c4226cf89c: 0000 48be | 40af 002d | c401 0000 | 448b 4808 | 49ba 0000 | 002d c401 | 0000 4d03 | ca49 3b71 
  0x000001c4226cf8bc: 400f 85d2 | 0000 00e9 | 0000 0000 | 488b d048 | 8b74 2470 | 448b 4618 | 450f be4f | 3841 83f9 
  0x000001c4226cf8dc: 000f 85bb | 0000 004c | 8bd2 4589 | 500c 4d8b | c84c 33ca | 49c1 e914 | 4983 f900 | 0f85 c100 
  0x000001c4226cf8fc: 0000 4c8b | 8c24 8000 | 0000 4c8b | 4424 788b 

  0x000001c4226cf90c: ;   {static_call}
  0x000001c4226cf90c: 5614 90e8 

  0x000001c4226cf910: ; ImmutableOopMap {}
                      ;*invokestatic invoke0 {reexecute=0 rethrow=0 return_oop=0}
                      ; - jdk.internal.reflect.NativeMethodAccessorImpl::invoke@133 (line 77)
  0x000001c4226cf910: ccb2 f5ff | 4881 c4c0 | 0000 005d 

  0x000001c4226cf91c: ;   {poll_return}
  0x000001c4226cf91c: 493b a750 | 0300 000f | 87ae 0000 | 00c3 488b | 7424 7049 | 8b87 e003 | 0000 4d33 | d24d 8997 
  0x000001c4226cf93c: e003 0000 | 4d33 d24d | 8997 e803 | 0000 bf00 | 0000 0089 | 7e10 f083 | 4424 c000 | e9b4 0000 
  0x000001c4226cf95c: ;   {runtime_call throw_null_pointer_exception Runtime1 stub}
  0x000001c4226cf95c: 00e8 be8b 

  0x000001c4226cf960: ; ImmutableOopMap {rdx=Oop [112]=Oop [128]=Oop [120]=Oop }
                      ;*invokevirtual getDeclaringClass {reexecute=0 rethrow=0 return_oop=0}
                      ; - jdk.internal.reflect.NativeMethodAccessorImpl::invoke@21 (line 57)
                      ;   {runtime_call throw_null_pointer_exception Runtime1 stub}
  0x000001c4226cf960: 76ff e8b9 

  0x000001c4226cf964: ; ImmutableOopMap {rdx=Oop [112]=Oop [128]=Oop [120]=Oop rsi=Oop }
                      ;*invokevirtual isHidden {reexecute=0 rethrow=0 return_oop=0}
                      ; - jdk.internal.reflect.NativeMethodAccessorImpl::invoke@24 (line 57)
  0x000001c4226cf964: 8b76 ff48 

  0x000001c4226cf968: ;   {runtime_call fast_new_instance Runtime1 stub}
  0x000001c4226cf968: 8bd2 e891 

  0x000001c4226cf96c: ; ImmutableOopMap {[128]=Oop [120]=Oop rbx=Oop [112]=Oop }
                      ;*new {reexecute=0 rethrow=0 return_oop=0}
                      ; - jdk.internal.reflect.NativeMethodAccessorImpl::invoke@52 (line 61)
  0x000001c4226cf96c: 9676 ffe9 | f4fd ffff 

  0x000001c4226cf974: ;   {runtime_call throw_null_pointer_exception Runtime1 stub}
  0x000001c4226cf974: e8a7 8b76 

  0x000001c4226cf978: ; ImmutableOopMap {[128]=Oop [120]=Oop rbx=Oop [112]=Oop rax=Oop rdx=Oop }
                      ;*invokevirtual getDeclaringClass {reexecute=0 rethrow=0 return_oop=0}
                      ; - jdk.internal.reflect.NativeMethodAccessorImpl::invoke@63 (line 63)
  0x000001c4226cf978: ff48 8904 

  0x000001c4226cf97c: ;   {runtime_call throw_class_cast_exception Runtime1 stub}
  0x000001c4226cf97c: 24e8 9eb7 

  0x000001c4226cf980: ; ImmutableOopMap {[128]=Oop [120]=Oop [152]=Oop [112]=Oop [144]=Oop [136]=Oop }
                      ;*checkcast {reexecute=0 rethrow=0 return_oop=0}
                      ; - java.lang.reflect.Method::getParameterTypes@7 (line 315)
                      ; - jdk.internal.reflect.NativeMethodAccessorImpl::invoke@77 (line 65)
                      ;   {runtime_call throw_null_pointer_exception Runtime1 stub}
  0x000001c4226cf980: 76ff e899 

  0x000001c4226cf984: ; ImmutableOopMap {[128]=Oop [120]=Oop [152]=Oop [144]=Oop [136]=Oop rsi=Oop rdx=Oop [112]=Oop rdi=Oop }
                      ;*invokevirtual getReturnType {reexecute=0 rethrow=0 return_oop=0}
                      ; - jdk.internal.reflect.NativeMethodAccessorImpl::invoke@84 (line 66)
  0x000001c4226cf984: 8b76 ff48 

  0x000001c4226cf988: ;   {runtime_call throw_class_cast_exception Runtime1 stub}
  0x000001c4226cf988: 8904 24e8 

  0x000001c4226cf98c: ; ImmutableOopMap {[128]=Oop [120]=Oop [152]=Oop [144]=Oop [136]=Oop [112]=Oop [168]=Oop [160]=Oop }
                      ;*checkcast {reexecute=0 rethrow=0 return_oop=0}
                      ; - java.lang.reflect.Method::getExceptionTypes@7 (line 342)
                      ; - jdk.internal.reflect.NativeMethodAccessorImpl::invoke@91 (line 67)
  0x000001c4226cf98c: 90b7 76ff 

  0x000001c4226cf990: ;   {runtime_call throw_null_pointer_exception Runtime1 stub}
  0x000001c4226cf990: e88b 8b76 

  0x000001c4226cf994: ; ImmutableOopMap {[128]=Oop [120]=Oop [152]=Oop [144]=Oop [136]=Oop [168]=Oop [160]=Oop rcx=Oop rdx=Oop [112]=Oop }
                      ;*invokevirtual getModifiers {reexecute=0 rethrow=0 return_oop=0}
                      ; - jdk.internal.reflect.NativeMethodAccessorImpl::invoke@98 (line 68)
  0x000001c4226cf994: ff48 8904 

  0x000001c4226cf998: ;   {runtime_call throw_class_cast_exception Runtime1 stub}
  0x000001c4226cf998: 24e8 82b7 

  0x000001c4226cf99c: ; ImmutableOopMap {[128]=Oop [120]=Oop [112]=Oop }
                      ;*checkcast {reexecute=0 rethrow=0 return_oop=0}
                      ; - jdk.internal.reflect.NativeMethodAccessorImpl::invoke@104 (line 63)
  0x000001c4226cf99c: 76ff 458b | 480c 4983 | f900 0f84 | 37ff ffff | 4c89 0c24 

  0x000001c4226cf9b0: ;   {runtime_call g1_pre_barrier_slow}
  0x000001c4226cf9b0: e8cb f476 | ffe9 29ff 

  0x000001c4226cf9b8: ;   {runtime_call throw_null_pointer_exception Runtime1 stub}
  0x000001c4226cf9b8: ffff e861 

  0x000001c4226cf9bc: ; ImmutableOopMap {[128]=Oop [120]=Oop rdx=Oop rsi=Oop [112]=Oop r8=Oop }
                      ;*invokevirtual setDelegate {reexecute=0 rethrow=0 return_oop=0}
                      ; - jdk.internal.reflect.NativeMethodAccessorImpl::invoke@113 (line 69)
  0x000001c4226cf9bc: 8b76 ff48 | 83fa 000f | 8435 ffff | ff4c 8904 

  0x000001c4226cf9cc: ;   {runtime_call g1_post_barrier_slow}
  0x000001c4226cf9cc: 24e8 aef8 | 76ff e927 

  0x000001c4226cf9d4: ;   {internal_word}
  0x000001c4226cf9d4: ffff ff49 | ba1c f96c | 22c4 0100 | 004d 8997 | 6803 0000 

  0x000001c4226cf9e8: ;   {runtime_call SafepointBlob}
  0x000001c4226cf9e8: e993 956c 

  0x000001c4226cf9ec: ;   {runtime_call throw_null_pointer_exception Runtime1 stub}
  0x000001c4226cf9ec: ffe8 2e8b 

  0x000001c4226cf9f0: ; ImmutableOopMap {[128]=Oop [120]=Oop rdx=Oop rsi=Oop [112]=Oop r8=Oop }
                      ;*invokevirtual setDelegate {reexecute=0 rethrow=0 return_oop=0}
                      ; - jdk.internal.reflect.NativeMethodAccessorImpl::invoke@113 (line 69)
  0x000001c4226cf9f0: 76ff 9090 | 498b 87e0 | 0300 0049 | c787 e003 | 0000 0000 | 0000 49c7 | 87e8 0300 | 0000 0000 
  0x000001c4226cfa10: 0048 81c4 | c000 0000 

  0x000001c4226cfa18: ;   {runtime_call unwind_exception Runtime1 stub}
  0x000001c4226cfa18: 5de9 e27b | 76ff f4f4 
[Stub Code]
  0x000001c4226cfa20: ;   {no_reloc}
  0x000001c4226cfa20: 0f1f 4400 

  0x000001c4226cfa24: ;   {static_stub}
  0x000001c4226cfa24: 0048 bb00 | 0000 0000 

  0x000001c4226cfa2c: ;   {runtime_call}
  0x000001c4226cfa2c: 0000 00e9 | fbff ffff 

  0x000001c4226cfa34: ;   {static_stub}
  0x000001c4226cfa34: 9048 bb00 | 0000 0000 

  0x000001c4226cfa3c: ;   {runtime_call}
  0x000001c4226cfa3c: 0000 00e9 | fbff ffff 

  0x000001c4226cfa44: ;   {static_stub}
  0x000001c4226cfa44: 9048 bb00 | 0000 0000 

  0x000001c4226cfa4c: ;   {runtime_call}
  0x000001c4226cfa4c: 0000 00e9 | fbff ffff 

  0x000001c4226cfa54: ;   {static_stub}
  0x000001c4226cfa54: 9048 bb08 | cd23 6ec4 

  0x000001c4226cfa5c: ;   {runtime_call I2C/C2I adapters}
  0x000001c4226cfa5c: 0100 00e9 | 1637 80ff 

  0x000001c4226cfa64: ;   {static_stub}
  0x000001c4226cfa64: 9048 bb00 | 0000 0000 

  0x000001c4226cfa6c: ;   {runtime_call}
  0x000001c4226cfa6c: 0000 00e9 | fbff ffff 
[Exception Handler]
  0x000001c4226cfa74: ;   {runtime_call handle_exception_from_callee Runtime1 stub}
  0x000001c4226cfa74: e887 b076 

  0x000001c4226cfa78: ;   {external_word}
  0x000001c4226cfa78: ff48 b950 | ba9c fbf8 | 7f00 0048 

  0x000001c4226cfa84: ;   {runtime_call}
  0x000001c4226cfa84: 83e4 f049 | ba40 2e65 | fbf8 7f00 | 0041 ffd2 

  0x000001c4226cfa94: ;   {section_word}
  0x000001c4226cfa94: f449 ba95 | fa6c 22c4 | 0100 0041 

  0x000001c4226cfaa0: ;   {runtime_call DeoptimizationBlob}
  0x000001c4226cfaa0: 52e9 7aa9 | 6cff f4f4 
[/MachCode]


---------------  P R O C E S S  ---------------

Threads class SMR info:
_java_thread_list=0x000001c47470de90, length=20, elements={
0x000001c41a1eb250, 0x000001c42c342230, 0x000001c42c345970, 0x000001c42c35d510,
0x000001c42c35fdf0, 0x000001c42c3606c0, 0x000001c42c360f90, 0x000001c42c363f50,
0x000001c42c366ab0, 0x000001c42c4bc310, 0x000001c42c4c1c60, 0x000001c42c7801b0,
0x000001c42ca2f310, 0x000001c473700d50, 0x000001c473702290, 0x000001c473ea0ec0,
0x000001c473e9ff90, 0x000001c473ea04a0, 0x000001c473ea09b0, 0x000001c473ea13d0
}

Java Threads: ( => current thread )
  0x000001c41a1eb250 JavaThread "main" [_thread_blocked, id=23484, stack(0x000000c035100000,0x000000c035200000)]
  0x000001c42c342230 JavaThread "Reference Handler" daemon [_thread_blocked, id=34308, stack(0x000000c035800000,0x000000c035900000)]
  0x000001c42c345970 JavaThread "Finalizer" daemon [_thread_blocked, id=6392, stack(0x000000c035900000,0x000000c035a00000)]
  0x000001c42c35d510 JavaThread "Signal Dispatcher" daemon [_thread_blocked, id=23316, stack(0x000000c035a00000,0x000000c035b00000)]
  0x000001c42c35fdf0 JavaThread "Attach Listener" daemon [_thread_blocked, id=25588, stack(0x000000c035b00000,0x000000c035c00000)]
  0x000001c42c3606c0 JavaThread "Service Thread" daemon [_thread_blocked, id=5936, stack(0x000000c035c00000,0x000000c035d00000)]
  0x000001c42c360f90 JavaThread "Monitor Deflation Thread" daemon [_thread_blocked, id=32036, stack(0x000000c035d00000,0x000000c035e00000)]
  0x000001c42c363f50 JavaThread "C1 CompilerThread0" daemon [_thread_blocked, id=31816, stack(0x000000c035e00000,0x000000c035f00000)]
  0x000001c42c366ab0 JavaThread "Sweeper thread" daemon [_thread_blocked, id=32432, stack(0x000000c035f00000,0x000000c036000000)]
  0x000001c42c4bc310 JavaThread "Notification Thread" daemon [_thread_blocked, id=30572, stack(0x000000c036100000,0x000000c036200000)]
  0x000001c42c4c1c60 JavaThread "Common-Cleaner" daemon [_thread_blocked, id=26600, stack(0x000000c036300000,0x000000c036400000)]
  0x000001c42c7801b0 JavaThread "Thread-0" [_thread_blocked, id=26096, stack(0x000000c036800000,0x000000c036900000)]
=>0x000001c42ca2f310 JavaThread "restartedMain" [_thread_in_vm, id=33212, stack(0x000000c036900000,0x000000c036a00000)]
  0x000001c473700d50 JavaThread "Cleaner-0" daemon [_thread_blocked, id=29216, stack(0x000000c036f00000,0x000000c037000000)]
  0x000001c473702290 JavaThread "HikariPool-1:housekeeper" daemon [_thread_blocked, id=33496, stack(0x000000c037000000,0x000000c037100000)]
  0x000001c473ea0ec0 JavaThread "Thread-4" daemon [_thread_in_native, id=12780, stack(0x000000c034e00000,0x000000c034f00000)]
  0x000001c473e9ff90 JavaThread "lettuce-timer-3-1" daemon [_thread_blocked, id=29808, stack(0x000000c035000000,0x000000c035100000)]
  0x000001c473ea04a0 JavaThread "Catalina-utility-1" [_thread_blocked, id=18396, stack(0x000000c036c00000,0x000000c036d00000)]
  0x000001c473ea09b0 JavaThread "Catalina-utility-2" [_thread_blocked, id=15636, stack(0x000000c037300000,0x000000c037400000)]
  0x000001c473ea13d0 JavaThread "container-0" [_thread_blocked, id=15392, stack(0x000000c037400000,0x000000c037500000)]

Other Threads:
  0x000001c42c33a5c0 VMThread "VM Thread" [stack: 0x000000c035700000,0x000000c035800000] [id=25812] _threads_hazard_ptr=0x000001c47470de90
  0x000001c42c4bc7f0 WatcherThread [stack: 0x000000c036200000,0x000000c036300000] [id=10576]
  0x000001c41a2494d0 GCTaskThread "GC Thread#0" [stack: 0x000000c035200000,0x000000c035300000] [id=19436]
  0x000001c42cab0b40 GCTaskThread "GC Thread#1" [stack: 0x000000c036400000,0x000000c036500000] [id=17280]
  0x000001c42cab0e10 GCTaskThread "GC Thread#2" [stack: 0x000000c036500000,0x000000c036600000] [id=23300]
  0x000001c42cb13290 GCTaskThread "GC Thread#3" [stack: 0x000000c036600000,0x000000c036700000] [id=2240]
  0x000001c42cb13560 GCTaskThread "GC Thread#4" [stack: 0x000000c036700000,0x000000c036800000] [id=35408]
  0x000001c42cd9a9d0 GCTaskThread "GC Thread#5" [stack: 0x000000c036a00000,0x000000c036b00000] [id=28656]
  0x000001c42cdc5840 GCTaskThread "GC Thread#6" [stack: 0x000000c036b00000,0x000000c036c00000] [id=18864]
  0x000001c42cdc8f20 GCTaskThread "GC Thread#7" [stack: 0x000000c036d00000,0x000000c036e00000] [id=22764]
  0x000001c41a259cf0 ConcurrentGCThread "G1 Main Marker" [stack: 0x000000c035300000,0x000000c035400000] [id=31840]
  0x000001c41a25b3e0 ConcurrentGCThread "G1 Conc#0" [stack: 0x000000c035400000,0x000000c035500000] [id=28464]
  0x000001c42cdc8110 ConcurrentGCThread "G1 Conc#1" [stack: 0x000000c036000000,0x000000c036100000] [id=34488]
  0x000001c42c1f1900 ConcurrentGCThread "G1 Refine#0" [stack: 0x000000c035500000,0x000000c035600000] [id=14100]
  0x000001c47494ad30 ConcurrentGCThread "G1 Refine#1" [stack: 0x000000c037500000,0x000000c037600000] [id=22200]
  0x000001c4737844e0 ConcurrentGCThread "G1 Refine#2" [stack: 0x000000c034f00000,0x000000c035000000] [id=25036]
  0x000001c4742845f0 ConcurrentGCThread "G1 Refine#3" [stack: 0x000000c037600000,0x000000c037700000] [id=25944]
  0x000001c42c1f2340 ConcurrentGCThread "G1 Service" [stack: 0x000000c035600000,0x000000c035700000] [id=29860]

Threads with active compile tasks:

VM state: synchronizing (normal execution)

VM Mutex/Monitor currently owned by a thread:  ([mutex/lock_event])
[0x000001c41a1e75f0] Metaspace_lock - owner thread: 0x000001c42ca2f310
[0x000001c41a1e67e0] Threads_lock - owner thread: 0x000001c42c33a5c0

Heap address: 0x0000000083a00000, size: 1990 MB, Compressed Oops mode: 32-bit

CDS archive(s) mapped at: [0x000001c42d000000-0x000001c42dbb0000-0x000001c42dbb0000), size 12255232, SharedBaseAddress: 0x000001c42d000000, ArchiveRelocationMode: 1.
Compressed class space mapped at: 0x000001c42e000000-0x000001c46e000000, reserved size: 1073741824
Narrow klass base: 0x000001c42d000000, Narrow klass shift: 0, Narrow klass range: 0x100000000

GC Precious Log:
 CPUs: 8 total, 8 available
 Memory: 7953M
 Large Page Support: Disabled
 NUMA Support: Disabled
 Compressed Oops: Enabled (32-bit)
 Heap Region Size: 1M
 Heap Min Capacity: 8M
 Heap Initial Capacity: 126M
 Heap Max Capacity: 1990M
 Pre-touch: Disabled
 Parallel Workers: 8
 Concurrent Workers: 2
 Concurrent Refinement Workers: 8
 Periodic GC: Disabled

Heap:
 garbage-first heap   total 459776K, used 198871K [0x0000000083a00000, 0x0000000100000000)
  region size 1024K, 87 young (89088K), 6 survivors (6144K)
 Metaspace       used 88400K, committed 89024K, reserved 1179648K
  class space    used 13013K, committed 13312K, reserved 1048576K

Heap Regions: E=young(eden), S=young(survivor), O=old, HS=humongous(starts), HC=humongous(continues), CS=collection set, F=free, OA=open archive, CA=closed archive, TAMS=top-at-mark-start (previous, next)
|   0|0x0000000083a00000, 0x0000000083b00000, 0x0000000083b00000|100%|HS|  |TAMS 0x0000000083b00000, 0x0000000083a00000| Complete 
|   1|0x0000000083b00000, 0x0000000083c00000, 0x0000000083c00000|100%|HS|  |TAMS 0x0000000083c00000, 0x0000000083b00000| Complete 
|   2|0x0000000083c00000, 0x0000000083d00000, 0x0000000083d00000|100%| O|  |TAMS 0x0000000083d00000, 0x0000000083c00000| Untracked 
|   3|0x0000000083d00000, 0x0000000083e00000, 0x0000000083e00000|100%| O|  |TAMS 0x0000000083e00000, 0x0000000083d00000| Untracked 
|   4|0x0000000083e00000, 0x0000000083f00000, 0x0000000083f00000|100%| O|  |TAMS 0x0000000083f00000, 0x0000000083e00000| Untracked 
|   5|0x0000000083f00000, 0x0000000084000000, 0x0000000084000000|100%| O|  |TAMS 0x0000000084000000, 0x0000000083f00000| Untracked 
|   6|0x0000000084000000, 0x0000000084100000, 0x0000000084100000|100%| O|  |TAMS 0x0000000084100000, 0x0000000084000000| Untracked 
|   7|0x0000000084100000, 0x0000000084200000, 0x0000000084200000|100%| O|  |TAMS 0x0000000084200000, 0x0000000084100000| Untracked 
|   8|0x0000000084200000, 0x0000000084300000, 0x0000000084300000|100%| O|  |TAMS 0x0000000084300000, 0x0000000084200000| Untracked 
|   9|0x0000000084300000, 0x0000000084400000, 0x0000000084400000|100%| O|  |TAMS 0x0000000084400000, 0x0000000084300000| Untracked 
|  10|0x0000000084400000, 0x0000000084500000, 0x0000000084500000|100%| O|  |TAMS 0x0000000084500000, 0x0000000084400000| Untracked 
|  11|0x0000000084500000, 0x0000000084600000, 0x0000000084600000|100%| O|  |TAMS 0x0000000084600000, 0x0000000084500000| Untracked 
|  12|0x0000000084600000, 0x0000000084700000, 0x0000000084700000|100%| O|  |TAMS 0x0000000084700000, 0x0000000084600000| Untracked 
|  13|0x0000000084700000, 0x0000000084800000, 0x0000000084800000|100%| O|  |TAMS 0x0000000084800000, 0x0000000084700000| Untracked 
|  14|0x0000000084800000, 0x0000000084900000, 0x0000000084900000|100%| O|  |TAMS 0x0000000084900000, 0x0000000084800000| Untracked 
|  15|0x0000000084900000, 0x0000000084a00000, 0x0000000084a00000|100%| O|  |TAMS 0x0000000084a00000, 0x0000000084900000| Untracked 
|  16|0x0000000084a00000, 0x0000000084b00000, 0x0000000084b00000|100%| O|  |TAMS 0x0000000084b00000, 0x0000000084a00000| Untracked 
|  17|0x0000000084b00000, 0x0000000084c00000, 0x0000000084c00000|100%| O|  |TAMS 0x0000000084c00000, 0x0000000084b00000| Untracked 
|  18|0x0000000084c00000, 0x0000000084d00000, 0x0000000084d00000|100%| O|  |TAMS 0x0000000084d00000, 0x0000000084c00000| Untracked 
|  19|0x0000000084d00000, 0x0000000084e00000, 0x0000000084e00000|100%| O|  |TAMS 0x0000000084e00000, 0x0000000084d00000| Untracked 
|  20|0x0000000084e00000, 0x0000000084f00000, 0x0000000084f00000|100%| O|  |TAMS 0x0000000084f00000, 0x0000000084e00000| Untracked 
|  21|0x0000000084f00000, 0x0000000085000000, 0x0000000085000000|100%| O|  |TAMS 0x0000000085000000, 0x0000000084f00000| Untracked 
|  22|0x0000000085000000, 0x0000000085000000, 0x0000000085100000|  0%| F|  |TAMS 0x0000000085000000, 0x0000000085000000| Untracked 
|  23|0x0000000085100000, 0x0000000085100000, 0x0000000085200000|  0%| F|  |TAMS 0x0000000085100000, 0x0000000085100000| Untracked 
|  24|0x0000000085200000, 0x0000000085300000, 0x0000000085300000|100%| O|  |TAMS 0x0000000085300000, 0x0000000085200000| Untracked 
|  25|0x0000000085300000, 0x0000000085400000, 0x0000000085400000|100%| O|  |TAMS 0x0000000085400000, 0x0000000085300000| Untracked 
|  26|0x0000000085400000, 0x0000000085500000, 0x0000000085500000|100%| O|  |TAMS 0x0000000085500000, 0x0000000085400000| Untracked 
|  27|0x0000000085500000, 0x0000000085600000, 0x0000000085600000|100%| O|  |TAMS 0x0000000085600000, 0x0000000085500000| Untracked 
|  28|0x0000000085600000, 0x0000000085700000, 0x0000000085700000|100%| O|  |TAMS 0x0000000085700000, 0x0000000085600000| Untracked 
|  29|0x0000000085700000, 0x0000000085800000, 0x0000000085800000|100%| O|  |TAMS 0x0000000085800000, 0x0000000085700000| Untracked 
|  30|0x0000000085800000, 0x0000000085900000, 0x0000000085900000|100%| O|  |TAMS 0x0000000085900000, 0x0000000085800000| Untracked 
|  31|0x0000000085900000, 0x0000000085a00000, 0x0000000085a00000|100%| O|  |TAMS 0x0000000085a00000, 0x0000000085900000| Untracked 
|  32|0x0000000085a00000, 0x0000000085b00000, 0x0000000085b00000|100%| O|  |TAMS 0x0000000085b00000, 0x0000000085a00000| Untracked 
|  33|0x0000000085b00000, 0x0000000085c00000, 0x0000000085c00000|100%| O|  |TAMS 0x0000000085c00000, 0x0000000085b00000| Untracked 
|  34|0x0000000085c00000, 0x0000000085d00000, 0x0000000085d00000|100%| O|  |TAMS 0x0000000085d00000, 0x0000000085c00000| Untracked 
|  35|0x0000000085d00000, 0x0000000085e00000, 0x0000000085e00000|100%| O|  |TAMS 0x0000000085e00000, 0x0000000085d00000| Untracked 
|  36|0x0000000085e00000, 0x0000000085f00000, 0x0000000085f00000|100%| O|  |TAMS 0x0000000085f00000, 0x0000000085e00000| Untracked 
|  37|0x0000000085f00000, 0x0000000086000000, 0x0000000086000000|100%| O|  |TAMS 0x0000000086000000, 0x0000000085f00000| Untracked 
|  38|0x0000000086000000, 0x0000000086100000, 0x0000000086100000|100%| O|  |TAMS 0x0000000086100000, 0x0000000086000000| Untracked 
|  39|0x0000000086100000, 0x0000000086200000, 0x0000000086200000|100%| O|  |TAMS 0x0000000086200000, 0x0000000086100000| Untracked 
|  40|0x0000000086200000, 0x0000000086300000, 0x0000000086300000|100%| O|  |TAMS 0x0000000086300000, 0x0000000086200000| Untracked 
|  41|0x0000000086300000, 0x0000000086400000, 0x0000000086400000|100%| O|  |TAMS 0x0000000086300000, 0x0000000086300000| Untracked 
|  42|0x0000000086400000, 0x0000000086400000, 0x0000000086500000|  0%| F|  |TAMS 0x0000000086400000, 0x0000000086400000| Untracked 
|  43|0x0000000086500000, 0x0000000086600000, 0x0000000086600000|100%| O|  |TAMS 0x0000000086600000, 0x0000000086500000| Untracked 
|  44|0x0000000086600000, 0x0000000086700000, 0x0000000086700000|100%| O|  |TAMS 0x0000000086700000, 0x0000000086600000| Untracked 
|  45|0x0000000086700000, 0x0000000086800000, 0x0000000086800000|100%| O|  |TAMS 0x0000000086700000, 0x0000000086700000| Untracked 
|  46|0x0000000086800000, 0x0000000086900000, 0x0000000086900000|100%| O|  |TAMS 0x0000000086900000, 0x0000000086800000| Untracked 
|  47|0x0000000086900000, 0x0000000086a00000, 0x0000000086a00000|100%| O|  |TAMS 0x0000000086a00000, 0x0000000086900000| Untracked 
|  48|0x0000000086a00000, 0x0000000086b00000, 0x0000000086b00000|100%| O|  |TAMS 0x0000000086b00000, 0x0000000086a00000| Untracked 
|  49|0x0000000086b00000, 0x0000000086c00000, 0x0000000086c00000|100%| O|  |TAMS 0x0000000086c00000, 0x0000000086b00000| Untracked 
|  50|0x0000000086c00000, 0x0000000086d00000, 0x0000000086d00000|100%| O|  |TAMS 0x0000000086d00000, 0x0000000086c00000| Untracked 
|  51|0x0000000086d00000, 0x0000000086e00000, 0x0000000086e00000|100%| O|  |TAMS 0x0000000086e00000, 0x0000000086d00000| Untracked 
|  52|0x0000000086e00000, 0x0000000086f00000, 0x0000000086f00000|100%| O|  |TAMS 0x0000000086f00000, 0x0000000086e00000| Untracked 
|  53|0x0000000086f00000, 0x0000000087000000, 0x0000000087000000|100%| O|  |TAMS 0x0000000087000000, 0x0000000086f00000| Untracked 
|  54|0x0000000087000000, 0x0000000087100000, 0x0000000087100000|100%| O|  |TAMS 0x0000000087100000, 0x0000000087000000| Untracked 
|  55|0x0000000087100000, 0x0000000087200000, 0x0000000087200000|100%| O|  |TAMS 0x0000000087200000, 0x0000000087100000| Untracked 
|  56|0x0000000087200000, 0x0000000087300000, 0x0000000087300000|100%| O|  |TAMS 0x0000000087300000, 0x0000000087200000| Untracked 
|  57|0x0000000087300000, 0x0000000087400000, 0x0000000087400000|100%| O|  |TAMS 0x0000000087400000, 0x0000000087300000| Untracked 
|  58|0x0000000087400000, 0x0000000087500000, 0x0000000087500000|100%| O|  |TAMS 0x0000000087500000, 0x0000000087400000| Untracked 
|  59|0x0000000087500000, 0x0000000087600000, 0x0000000087600000|100%| O|  |TAMS 0x0000000087600000, 0x0000000087500000| Untracked 
|  60|0x0000000087600000, 0x0000000087700000, 0x0000000087700000|100%| O|  |TAMS 0x0000000087700000, 0x0000000087600000| Untracked 
|  61|0x0000000087700000, 0x0000000087800000, 0x0000000087800000|100%| O|  |TAMS 0x0000000087800000, 0x0000000087700000| Untracked 
|  62|0x0000000087800000, 0x0000000087900000, 0x0000000087900000|100%| O|  |TAMS 0x0000000087900000, 0x0000000087800000| Untracked 
|  63|0x0000000087900000, 0x0000000087a00000, 0x0000000087a00000|100%| O|  |TAMS 0x0000000087a00000, 0x0000000087900000| Untracked 
|  64|0x0000000087a00000, 0x0000000087b00000, 0x0000000087b00000|100%| O|  |TAMS 0x0000000087b00000, 0x0000000087a00000| Untracked 
|  65|0x0000000087b00000, 0x0000000087c00000, 0x0000000087c00000|100%| O|  |TAMS 0x0000000087c00000, 0x0000000087b00000| Untracked 
|  66|0x0000000087c00000, 0x0000000087d00000, 0x0000000087d00000|100%| O|  |TAMS 0x0000000087c00000, 0x0000000087c00000| Untracked 
|  67|0x0000000087d00000, 0x0000000087e00000, 0x0000000087e00000|100%| O|  |TAMS 0x0000000087d00000, 0x0000000087d00000| Untracked 
|  68|0x0000000087e00000, 0x0000000087f00000, 0x0000000087f00000|100%| O|  |TAMS 0x0000000087e00000, 0x0000000087e00000| Untracked 
|  69|0x0000000087f00000, 0x0000000088000000, 0x0000000088000000|100%| O|  |TAMS 0x0000000087f00000, 0x0000000087f00000| Untracked 
|  70|0x0000000088000000, 0x0000000088100000, 0x0000000088100000|100%| O|  |TAMS 0x0000000088000000, 0x0000000088000000| Untracked 
|  71|0x0000000088100000, 0x0000000088200000, 0x0000000088200000|100%| O|  |TAMS 0x0000000088100000, 0x0000000088100000| Untracked 
|  72|0x0000000088200000, 0x0000000088300000, 0x0000000088300000|100%| O|  |TAMS 0x0000000088200000, 0x0000000088200000| Untracked 
|  73|0x0000000088300000, 0x0000000088400000, 0x0000000088400000|100%| O|  |TAMS 0x0000000088300000, 0x0000000088300000| Untracked 
|  74|0x0000000088400000, 0x0000000088500000, 0x0000000088500000|100%| O|  |TAMS 0x0000000088400000, 0x0000000088400000| Untracked 
|  75|0x0000000088500000, 0x0000000088600000, 0x0000000088600000|100%| O|  |TAMS 0x0000000088500000, 0x0000000088500000| Untracked 
|  76|0x0000000088600000, 0x0000000088700000, 0x0000000088700000|100%| O|  |TAMS 0x0000000088600000, 0x0000000088600000| Untracked 
|  77|0x0000000088700000, 0x0000000088800000, 0x0000000088800000|100%| O|  |TAMS 0x0000000088700000, 0x0000000088700000| Untracked 
|  78|0x0000000088800000, 0x0000000088900000, 0x0000000088900000|100%| O|  |TAMS 0x0000000088800000, 0x0000000088800000| Untracked 
|  79|0x0000000088900000, 0x0000000088a00000, 0x0000000088a00000|100%| O|  |TAMS 0x0000000088900000, 0x0000000088900000| Untracked 
|  80|0x0000000088a00000, 0x0000000088b00000, 0x0000000088b00000|100%| O|  |TAMS 0x0000000088b00000, 0x0000000088a00000| Untracked 
|  81|0x0000000088b00000, 0x0000000088c00000, 0x0000000088c00000|100%| O|  |TAMS 0x0000000088c00000, 0x0000000088b00000| Untracked 
|  82|0x0000000088c00000, 0x0000000088d00000, 0x0000000088d00000|100%| O|  |TAMS 0x0000000088d00000, 0x0000000088c00000| Untracked 
|  83|0x0000000088d00000, 0x0000000088e00000, 0x0000000088e00000|100%| O|  |TAMS 0x0000000088e00000, 0x0000000088d00000| Untracked 
|  84|0x0000000088e00000, 0x0000000088f00000, 0x0000000088f00000|100%| O|  |TAMS 0x0000000088f00000, 0x0000000088e00000| Untracked 
|  85|0x0000000088f00000, 0x0000000089000000, 0x0000000089000000|100%| O|  |TAMS 0x0000000089000000, 0x0000000088f00000| Untracked 
|  86|0x0000000089000000, 0x0000000089100000, 0x0000000089100000|100%| O|  |TAMS 0x0000000089100000, 0x0000000089000000| Untracked 
|  87|0x0000000089100000, 0x0000000089200000, 0x0000000089200000|100%| O|  |TAMS 0x0000000089126000, 0x0000000089100000| Untracked 
|  88|0x0000000089200000, 0x0000000089300000, 0x0000000089300000|100%| O|  |TAMS 0x0000000089200000, 0x0000000089200000| Untracked 
|  89|0x0000000089300000, 0x0000000089400000, 0x0000000089400000|100%| O|  |TAMS 0x0000000089300000, 0x0000000089300000| Untracked 
|  90|0x0000000089400000, 0x0000000089500000, 0x0000000089500000|100%| O|  |TAMS 0x0000000089400000, 0x0000000089400000| Untracked 
|  91|0x0000000089500000, 0x0000000089600000, 0x0000000089600000|100%| O|  |TAMS 0x0000000089500000, 0x0000000089500000| Untracked 
|  92|0x0000000089600000, 0x0000000089700000, 0x0000000089700000|100%| O|  |TAMS 0x0000000089600000, 0x0000000089600000| Untracked 
|  93|0x0000000089700000, 0x0000000089800000, 0x0000000089800000|100%| O|  |TAMS 0x0000000089700000, 0x0000000089700000| Untracked 
|  94|0x0000000089800000, 0x0000000089900000, 0x0000000089900000|100%| O|  |TAMS 0x0000000089800000, 0x0000000089800000| Untracked 
|  95|0x0000000089900000, 0x0000000089a00000, 0x0000000089a00000|100%| O|  |TAMS 0x0000000089900000, 0x0000000089900000| Untracked 
|  96|0x0000000089a00000, 0x0000000089b00000, 0x0000000089b00000|100%| O|  |TAMS 0x0000000089a00000, 0x0000000089a00000| Untracked 
|  97|0x0000000089b00000, 0x0000000089c00000, 0x0000000089c00000|100%| O|  |TAMS 0x0000000089b00000, 0x0000000089b00000| Untracked 
|  98|0x0000000089c00000, 0x0000000089d00000, 0x0000000089d00000|100%| O|  |TAMS 0x0000000089c00000, 0x0000000089c00000| Untracked 
|  99|0x0000000089d00000, 0x0000000089e00000, 0x0000000089e00000|100%| O|  |TAMS 0x0000000089d00000, 0x0000000089d00000| Untracked 
| 100|0x0000000089e00000, 0x0000000089f00000, 0x0000000089f00000|100%| O|  |TAMS 0x0000000089e00000, 0x0000000089e00000| Untracked 
| 101|0x0000000089f00000, 0x000000008a000000, 0x000000008a000000|100%| O|  |TAMS 0x0000000089f00000, 0x0000000089f00000| Untracked 
| 102|0x000000008a000000, 0x000000008a100000, 0x000000008a100000|100%| O|  |TAMS 0x000000008a000000, 0x000000008a000000| Untracked 
| 103|0x000000008a100000, 0x000000008a200000, 0x000000008a200000|100%| O|  |TAMS 0x000000008a100000, 0x000000008a100000| Untracked 
| 104|0x000000008a200000, 0x000000008a300000, 0x000000008a300000|100%| O|  |TAMS 0x000000008a200000, 0x000000008a200000| Untracked 
| 105|0x000000008a300000, 0x000000008a400000, 0x000000008a400000|100%| O|  |TAMS 0x000000008a300000, 0x000000008a300000| Untracked 
| 106|0x000000008a400000, 0x000000008a500000, 0x000000008a500000|100%| O|  |TAMS 0x000000008a400000, 0x000000008a400000| Untracked 
| 107|0x000000008a500000, 0x000000008a600000, 0x000000008a600000|100%| O|  |TAMS 0x000000008a500000, 0x000000008a500000| Untracked 
| 108|0x000000008a600000, 0x000000008a700000, 0x000000008a700000|100%| O|  |TAMS 0x000000008a600000, 0x000000008a600000| Untracked 
| 109|0x000000008a700000, 0x000000008a800000, 0x000000008a800000|100%| O|  |TAMS 0x000000008a700000, 0x000000008a700000| Untracked 
| 110|0x000000008a800000, 0x000000008a900000, 0x000000008a900000|100%| O|  |TAMS 0x000000008a800000, 0x000000008a800000| Untracked 
| 111|0x000000008a900000, 0x000000008a9a2c00, 0x000000008aa00000| 63%| O|  |TAMS 0x000000008a900000, 0x000000008a900000| Untracked 
| 112|0x000000008aa00000, 0x000000008aa00000, 0x000000008ab00000|  0%| F|  |TAMS 0x000000008aa00000, 0x000000008aa00000| Untracked 
| 113|0x000000008ab00000, 0x000000008ab00000, 0x000000008ac00000|  0%| F|  |TAMS 0x000000008ab00000, 0x000000008ab00000| Untracked 
| 114|0x000000008ac00000, 0x000000008ac00000, 0x000000008ad00000|  0%| F|  |TAMS 0x000000008ac00000, 0x000000008ac00000| Untracked 
| 115|0x000000008ad00000, 0x000000008ad00000, 0x000000008ae00000|  0%| F|  |TAMS 0x000000008ad00000, 0x000000008ad00000| Untracked 
| 116|0x000000008ae00000, 0x000000008ae00000, 0x000000008af00000|  0%| F|  |TAMS 0x000000008ae00000, 0x000000008ae00000| Untracked 
| 117|0x000000008af00000, 0x000000008af00000, 0x000000008b000000|  0%| F|  |TAMS 0x000000008af00000, 0x000000008af00000| Untracked 
| 118|0x000000008b000000, 0x000000008b000000, 0x000000008b100000|  0%| F|  |TAMS 0x000000008b000000, 0x000000008b000000| Untracked 
| 119|0x000000008b100000, 0x000000008b100000, 0x000000008b200000|  0%| F|  |TAMS 0x000000008b100000, 0x000000008b100000| Untracked 
| 120|0x000000008b200000, 0x000000008b200000, 0x000000008b300000|  0%| F|  |TAMS 0x000000008b200000, 0x000000008b200000| Untracked 
| 121|0x000000008b300000, 0x000000008b300000, 0x000000008b400000|  0%| F|  |TAMS 0x000000008b300000, 0x000000008b300000| Untracked 
| 122|0x000000008b400000, 0x000000008b400000, 0x000000008b500000|  0%| F|  |TAMS 0x000000008b400000, 0x000000008b400000| Untracked 
| 123|0x000000008b500000, 0x000000008b500000, 0x000000008b600000|  0%| F|  |TAMS 0x000000008b500000, 0x000000008b500000| Untracked 
| 124|0x000000008b600000, 0x000000008b600000, 0x000000008b700000|  0%| F|  |TAMS 0x000000008b600000, 0x000000008b600000| Untracked 
| 125|0x000000008b700000, 0x000000008b700000, 0x000000008b800000|  0%| F|  |TAMS 0x000000008b700000, 0x000000008b700000| Untracked 
| 126|0x000000008b800000, 0x000000008b800000, 0x000000008b900000|  0%| F|  |TAMS 0x000000008b800000, 0x000000008b800000| Untracked 
| 127|0x000000008b900000, 0x000000008b900000, 0x000000008ba00000|  0%| F|  |TAMS 0x000000008b900000, 0x000000008b900000| Untracked 
| 128|0x000000008ba00000, 0x000000008ba00000, 0x000000008bb00000|  0%| F|  |TAMS 0x000000008ba00000, 0x000000008ba00000| Untracked 
| 129|0x000000008bb00000, 0x000000008bb00000, 0x000000008bc00000|  0%| F|  |TAMS 0x000000008bb00000, 0x000000008bb00000| Untracked 
| 130|0x000000008bc00000, 0x000000008bc00000, 0x000000008bd00000|  0%| F|  |TAMS 0x000000008bc00000, 0x000000008bc00000| Untracked 
| 131|0x000000008bd00000, 0x000000008bd00000, 0x000000008be00000|  0%| F|  |TAMS 0x000000008bd00000, 0x000000008bd00000| Untracked 
| 132|0x000000008be00000, 0x000000008be00000, 0x000000008bf00000|  0%| F|  |TAMS 0x000000008be00000, 0x000000008be00000| Untracked 
| 133|0x000000008bf00000, 0x000000008bf00000, 0x000000008c000000|  0%| F|  |TAMS 0x000000008bf00000, 0x000000008bf00000| Untracked 
| 134|0x000000008c000000, 0x000000008c000000, 0x000000008c100000|  0%| F|  |TAMS 0x000000008c000000, 0x000000008c000000| Untracked 
| 135|0x000000008c100000, 0x000000008c100000, 0x000000008c200000|  0%| F|  |TAMS 0x000000008c100000, 0x000000008c100000| Untracked 
| 136|0x000000008c200000, 0x000000008c200000, 0x000000008c300000|  0%| F|  |TAMS 0x000000008c200000, 0x000000008c200000| Untracked 
| 137|0x000000008c300000, 0x000000008c300000, 0x000000008c400000|  0%| F|  |TAMS 0x000000008c300000, 0x000000008c300000| Untracked 
| 138|0x000000008c400000, 0x000000008c400000, 0x000000008c500000|  0%| F|  |TAMS 0x000000008c400000, 0x000000008c400000| Untracked 
| 139|0x000000008c500000, 0x000000008c500000, 0x000000008c600000|  0%| F|  |TAMS 0x000000008c500000, 0x000000008c500000| Untracked 
| 140|0x000000008c600000, 0x000000008c600000, 0x000000008c700000|  0%| F|  |TAMS 0x000000008c600000, 0x000000008c600000| Untracked 
| 141|0x000000008c700000, 0x000000008c700000, 0x000000008c800000|  0%| F|  |TAMS 0x000000008c700000, 0x000000008c700000| Untracked 
| 142|0x000000008c800000, 0x000000008c800000, 0x000000008c900000|  0%| F|  |TAMS 0x000000008c800000, 0x000000008c800000| Untracked 
| 143|0x000000008c900000, 0x000000008c900000, 0x000000008ca00000|  0%| F|  |TAMS 0x000000008c900000, 0x000000008c900000| Untracked 
| 144|0x000000008ca00000, 0x000000008ca00000, 0x000000008cb00000|  0%| F|  |TAMS 0x000000008ca00000, 0x000000008ca00000| Untracked 
| 145|0x000000008cb00000, 0x000000008cb00000, 0x000000008cc00000|  0%| F|  |TAMS 0x000000008cb00000, 0x000000008cb00000| Untracked 
| 146|0x000000008cc00000, 0x000000008cc00000, 0x000000008cd00000|  0%| F|  |TAMS 0x000000008cc00000, 0x000000008cc00000| Untracked 
| 147|0x000000008cd00000, 0x000000008cd00000, 0x000000008ce00000|  0%| F|  |TAMS 0x000000008cd00000, 0x000000008cd00000| Untracked 
| 148|0x000000008ce00000, 0x000000008ce00000, 0x000000008cf00000|  0%| F|  |TAMS 0x000000008ce00000, 0x000000008ce00000| Untracked 
| 149|0x000000008cf00000, 0x000000008cf00000, 0x000000008d000000|  0%| F|  |TAMS 0x000000008cf00000, 0x000000008cf00000| Untracked 
| 150|0x000000008d000000, 0x000000008d000000, 0x000000008d100000|  0%| F|  |TAMS 0x000000008d000000, 0x000000008d000000| Untracked 
| 151|0x000000008d100000, 0x000000008d100000, 0x000000008d200000|  0%| F|  |TAMS 0x000000008d100000, 0x000000008d100000| Untracked 
| 152|0x000000008d200000, 0x000000008d200000, 0x000000008d300000|  0%| F|  |TAMS 0x000000008d200000, 0x000000008d200000| Untracked 
| 153|0x000000008d300000, 0x000000008d300000, 0x000000008d400000|  0%| F|  |TAMS 0x000000008d300000, 0x000000008d300000| Untracked 
| 154|0x000000008d400000, 0x000000008d400000, 0x000000008d500000|  0%| F|  |TAMS 0x000000008d400000, 0x000000008d400000| Untracked 
| 155|0x000000008d500000, 0x000000008d500000, 0x000000008d600000|  0%| F|  |TAMS 0x000000008d500000, 0x000000008d500000| Untracked 
| 156|0x000000008d600000, 0x000000008d600000, 0x000000008d700000|  0%| F|  |TAMS 0x000000008d600000, 0x000000008d600000| Untracked 
| 157|0x000000008d700000, 0x000000008d700000, 0x000000008d800000|  0%| F|  |TAMS 0x000000008d700000, 0x000000008d700000| Untracked 
| 158|0x000000008d800000, 0x000000008d800000, 0x000000008d900000|  0%| F|  |TAMS 0x000000008d800000, 0x000000008d800000| Untracked 
| 159|0x000000008d900000, 0x000000008d900000, 0x000000008da00000|  0%| F|  |TAMS 0x000000008d900000, 0x000000008d900000| Untracked 
| 160|0x000000008da00000, 0x000000008da00000, 0x000000008db00000|  0%| F|  |TAMS 0x000000008da00000, 0x000000008da00000| Untracked 
| 161|0x000000008db00000, 0x000000008db00000, 0x000000008dc00000|  0%| F|  |TAMS 0x000000008db00000, 0x000000008db00000| Untracked 
| 162|0x000000008dc00000, 0x000000008dc00000, 0x000000008dd00000|  0%| F|  |TAMS 0x000000008dc00000, 0x000000008dc00000| Untracked 
| 163|0x000000008dd00000, 0x000000008dd00000, 0x000000008de00000|  0%| F|  |TAMS 0x000000008dd00000, 0x000000008dd00000| Untracked 
| 164|0x000000008de00000, 0x000000008de00000, 0x000000008df00000|  0%| F|  |TAMS 0x000000008de00000, 0x000000008de00000| Untracked 
| 165|0x000000008df00000, 0x000000008df00000, 0x000000008e000000|  0%| F|  |TAMS 0x000000008df00000, 0x000000008df00000| Untracked 
| 166|0x000000008e000000, 0x000000008e000000, 0x000000008e100000|  0%| F|  |TAMS 0x000000008e000000, 0x000000008e000000| Untracked 
| 167|0x000000008e100000, 0x000000008e100000, 0x000000008e200000|  0%| F|  |TAMS 0x000000008e100000, 0x000000008e100000| Untracked 
| 168|0x000000008e200000, 0x000000008e200000, 0x000000008e300000|  0%| F|  |TAMS 0x000000008e200000, 0x000000008e200000| Untracked 
| 169|0x000000008e300000, 0x000000008e300000, 0x000000008e400000|  0%| F|  |TAMS 0x000000008e300000, 0x000000008e300000| Untracked 
| 170|0x000000008e400000, 0x000000008e400000, 0x000000008e500000|  0%| F|  |TAMS 0x000000008e400000, 0x000000008e400000| Untracked 
| 171|0x000000008e500000, 0x000000008e500000, 0x000000008e600000|  0%| F|  |TAMS 0x000000008e500000, 0x000000008e500000| Untracked 
| 172|0x000000008e600000, 0x000000008e600000, 0x000000008e700000|  0%| F|  |TAMS 0x000000008e600000, 0x000000008e600000| Untracked 
| 173|0x000000008e700000, 0x000000008e700000, 0x000000008e800000|  0%| F|  |TAMS 0x000000008e700000, 0x000000008e700000| Untracked 
| 174|0x000000008e800000, 0x000000008e800000, 0x000000008e900000|  0%| F|  |TAMS 0x000000008e800000, 0x000000008e800000| Untracked 
| 175|0x000000008e900000, 0x000000008e900000, 0x000000008ea00000|  0%| F|  |TAMS 0x000000008e900000, 0x000000008e900000| Untracked 
| 176|0x000000008ea00000, 0x000000008ea00000, 0x000000008eb00000|  0%| F|  |TAMS 0x000000008ea00000, 0x000000008ea00000| Untracked 
| 177|0x000000008eb00000, 0x000000008eb00000, 0x000000008ec00000|  0%| F|  |TAMS 0x000000008eb00000, 0x000000008eb00000| Untracked 
| 178|0x000000008ec00000, 0x000000008ec00000, 0x000000008ed00000|  0%| F|  |TAMS 0x000000008ec00000, 0x000000008ec00000| Untracked 
| 179|0x000000008ed00000, 0x000000008ed00000, 0x000000008ee00000|  0%| F|  |TAMS 0x000000008ed00000, 0x000000008ed00000| Untracked 
| 180|0x000000008ee00000, 0x000000008ee00000, 0x000000008ef00000|  0%| F|  |TAMS 0x000000008ee00000, 0x000000008ee00000| Untracked 
| 181|0x000000008ef00000, 0x000000008ef00000, 0x000000008f000000|  0%| F|  |TAMS 0x000000008ef00000, 0x000000008ef00000| Untracked 
| 182|0x000000008f000000, 0x000000008f000000, 0x000000008f100000|  0%| F|  |TAMS 0x000000008f000000, 0x000000008f000000| Untracked 
| 183|0x000000008f100000, 0x000000008f100000, 0x000000008f200000|  0%| F|  |TAMS 0x000000008f100000, 0x000000008f100000| Untracked 
| 184|0x000000008f200000, 0x000000008f200000, 0x000000008f300000|  0%| F|  |TAMS 0x000000008f200000, 0x000000008f200000| Untracked 
| 185|0x000000008f300000, 0x000000008f300000, 0x000000008f400000|  0%| F|  |TAMS 0x000000008f300000, 0x000000008f300000| Untracked 
| 186|0x000000008f400000, 0x000000008f400000, 0x000000008f500000|  0%| F|  |TAMS 0x000000008f400000, 0x000000008f400000| Untracked 
| 187|0x000000008f500000, 0x000000008f500000, 0x000000008f600000|  0%| F|  |TAMS 0x000000008f500000, 0x000000008f500000| Untracked 
| 188|0x000000008f600000, 0x000000008f600000, 0x000000008f700000|  0%| F|  |TAMS 0x000000008f600000, 0x000000008f600000| Untracked 
| 189|0x000000008f700000, 0x000000008f700000, 0x000000008f800000|  0%| F|  |TAMS 0x000000008f700000, 0x000000008f700000| Untracked 
| 190|0x000000008f800000, 0x000000008f800000, 0x000000008f900000|  0%| F|  |TAMS 0x000000008f800000, 0x000000008f800000| Untracked 
| 191|0x000000008f900000, 0x000000008f900000, 0x000000008fa00000|  0%| F|  |TAMS 0x000000008f900000, 0x000000008f900000| Untracked 
| 192|0x000000008fa00000, 0x000000008fa00000, 0x000000008fb00000|  0%| F|  |TAMS 0x000000008fa00000, 0x000000008fa00000| Untracked 
| 193|0x000000008fb00000, 0x000000008fb00000, 0x000000008fc00000|  0%| F|  |TAMS 0x000000008fb00000, 0x000000008fb00000| Untracked 
| 194|0x000000008fc00000, 0x000000008fc00000, 0x000000008fd00000|  0%| F|  |TAMS 0x000000008fc00000, 0x000000008fc00000| Untracked 
| 195|0x000000008fd00000, 0x000000008fd00000, 0x000000008fe00000|  0%| F|  |TAMS 0x000000008fd00000, 0x000000008fd00000| Untracked 
| 196|0x000000008fe00000, 0x000000008fe00000, 0x000000008ff00000|  0%| F|  |TAMS 0x000000008fe00000, 0x000000008fe00000| Untracked 
| 197|0x000000008ff00000, 0x000000008ff00000, 0x0000000090000000|  0%| F|  |TAMS 0x000000008ff00000, 0x000000008ff00000| Untracked 
| 198|0x0000000090000000, 0x0000000090000000, 0x0000000090100000|  0%| F|  |TAMS 0x0000000090000000, 0x0000000090000000| Untracked 
| 199|0x0000000090100000, 0x0000000090100000, 0x0000000090200000|  0%| F|  |TAMS 0x0000000090100000, 0x0000000090100000| Untracked 
| 200|0x0000000090200000, 0x0000000090200000, 0x0000000090300000|  0%| F|  |TAMS 0x0000000090200000, 0x0000000090200000| Untracked 
| 201|0x0000000090300000, 0x0000000090300000, 0x0000000090400000|  0%| F|  |TAMS 0x0000000090300000, 0x0000000090300000| Untracked 
| 202|0x0000000090400000, 0x0000000090400000, 0x0000000090500000|  0%| F|  |TAMS 0x0000000090400000, 0x0000000090400000| Untracked 
| 203|0x0000000090500000, 0x0000000090500000, 0x0000000090600000|  0%| F|  |TAMS 0x0000000090500000, 0x0000000090500000| Untracked 
| 204|0x0000000090600000, 0x0000000090600000, 0x0000000090700000|  0%| F|  |TAMS 0x0000000090600000, 0x0000000090600000| Untracked 
| 205|0x0000000090700000, 0x0000000090700000, 0x0000000090800000|  0%| F|  |TAMS 0x0000000090700000, 0x0000000090700000| Untracked 
| 206|0x0000000090800000, 0x0000000090800000, 0x0000000090900000|  0%| F|  |TAMS 0x0000000090800000, 0x0000000090800000| Untracked 
| 207|0x0000000090900000, 0x0000000090900000, 0x0000000090a00000|  0%| F|  |TAMS 0x0000000090900000, 0x0000000090900000| Untracked 
| 208|0x0000000090a00000, 0x0000000090a00000, 0x0000000090b00000|  0%| F|  |TAMS 0x0000000090a00000, 0x0000000090a00000| Untracked 
| 209|0x0000000090b00000, 0x0000000090b00000, 0x0000000090c00000|  0%| F|  |TAMS 0x0000000090b00000, 0x0000000090b00000| Untracked 
| 210|0x0000000090c00000, 0x0000000090c00000, 0x0000000090d00000|  0%| F|  |TAMS 0x0000000090c00000, 0x0000000090c00000| Untracked 
| 211|0x0000000090d00000, 0x0000000090d00000, 0x0000000090e00000|  0%| F|  |TAMS 0x0000000090d00000, 0x0000000090d00000| Untracked 
| 212|0x0000000090e00000, 0x0000000090e00000, 0x0000000090f00000|  0%| F|  |TAMS 0x0000000090e00000, 0x0000000090e00000| Untracked 
| 213|0x0000000090f00000, 0x0000000090f00000, 0x0000000091000000|  0%| F|  |TAMS 0x0000000090f00000, 0x0000000090f00000| Untracked 
| 214|0x0000000091000000, 0x0000000091000000, 0x0000000091100000|  0%| F|  |TAMS 0x0000000091000000, 0x0000000091000000| Untracked 
| 215|0x0000000091100000, 0x0000000091100000, 0x0000000091200000|  0%| F|  |TAMS 0x0000000091100000, 0x0000000091100000| Untracked 
| 216|0x0000000091200000, 0x0000000091200000, 0x0000000091300000|  0%| F|  |TAMS 0x0000000091200000, 0x0000000091200000| Untracked 
| 217|0x0000000091300000, 0x0000000091300000, 0x0000000091400000|  0%| F|  |TAMS 0x0000000091300000, 0x0000000091300000| Untracked 
| 218|0x0000000091400000, 0x0000000091400000, 0x0000000091500000|  0%| F|  |TAMS 0x0000000091400000, 0x0000000091400000| Untracked 
| 219|0x0000000091500000, 0x0000000091500000, 0x0000000091600000|  0%| F|  |TAMS 0x0000000091500000, 0x0000000091500000| Untracked 
| 220|0x0000000091600000, 0x0000000091600000, 0x0000000091700000|  0%| F|  |TAMS 0x0000000091600000, 0x0000000091600000| Untracked 
| 221|0x0000000091700000, 0x0000000091700000, 0x0000000091800000|  0%| F|  |TAMS 0x0000000091700000, 0x0000000091700000| Untracked 
| 222|0x0000000091800000, 0x0000000091800000, 0x0000000091900000|  0%| F|  |TAMS 0x0000000091800000, 0x0000000091800000| Untracked 
| 223|0x0000000091900000, 0x0000000091900000, 0x0000000091a00000|  0%| F|  |TAMS 0x0000000091900000, 0x0000000091900000| Untracked 
| 224|0x0000000091a00000, 0x0000000091a00000, 0x0000000091b00000|  0%| F|  |TAMS 0x0000000091a00000, 0x0000000091a00000| Untracked 
| 225|0x0000000091b00000, 0x0000000091b00000, 0x0000000091c00000|  0%| F|  |TAMS 0x0000000091b00000, 0x0000000091b00000| Untracked 
| 226|0x0000000091c00000, 0x0000000091c00000, 0x0000000091d00000|  0%| F|  |TAMS 0x0000000091c00000, 0x0000000091c00000| Untracked 
| 227|0x0000000091d00000, 0x0000000091d00000, 0x0000000091e00000|  0%| F|  |TAMS 0x0000000091d00000, 0x0000000091d00000| Untracked 
| 228|0x0000000091e00000, 0x0000000091e00000, 0x0000000091f00000|  0%| F|  |TAMS 0x0000000091e00000, 0x0000000091e00000| Untracked 
| 229|0x0000000091f00000, 0x0000000091f00000, 0x0000000092000000|  0%| F|  |TAMS 0x0000000091f00000, 0x0000000091f00000| Untracked 
| 230|0x0000000092000000, 0x0000000092000000, 0x0000000092100000|  0%| F|  |TAMS 0x0000000092000000, 0x0000000092000000| Untracked 
| 231|0x0000000092100000, 0x0000000092100000, 0x0000000092200000|  0%| F|  |TAMS 0x0000000092100000, 0x0000000092100000| Untracked 
| 232|0x0000000092200000, 0x0000000092200000, 0x0000000092300000|  0%| F|  |TAMS 0x0000000092200000, 0x0000000092200000| Untracked 
| 233|0x0000000092300000, 0x0000000092300000, 0x0000000092400000|  0%| F|  |TAMS 0x0000000092300000, 0x0000000092300000| Untracked 
| 234|0x0000000092400000, 0x0000000092400000, 0x0000000092500000|  0%| F|  |TAMS 0x0000000092400000, 0x0000000092400000| Untracked 
| 235|0x0000000092500000, 0x0000000092500000, 0x0000000092600000|  0%| F|  |TAMS 0x0000000092500000, 0x0000000092500000| Untracked 
| 236|0x0000000092600000, 0x0000000092600000, 0x0000000092700000|  0%| F|  |TAMS 0x0000000092600000, 0x0000000092600000| Untracked 
| 237|0x0000000092700000, 0x0000000092700000, 0x0000000092800000|  0%| F|  |TAMS 0x0000000092700000, 0x0000000092700000| Untracked 
| 238|0x0000000092800000, 0x0000000092800000, 0x0000000092900000|  0%| F|  |TAMS 0x0000000092800000, 0x0000000092800000| Untracked 
| 239|0x0000000092900000, 0x0000000092900000, 0x0000000092a00000|  0%| F|  |TAMS 0x0000000092900000, 0x0000000092900000| Untracked 
| 240|0x0000000092a00000, 0x0000000092a00000, 0x0000000092b00000|  0%| F|  |TAMS 0x0000000092a00000, 0x0000000092a00000| Untracked 
| 241|0x0000000092b00000, 0x0000000092b00000, 0x0000000092c00000|  0%| F|  |TAMS 0x0000000092b00000, 0x0000000092b00000| Untracked 
| 242|0x0000000092c00000, 0x0000000092c00000, 0x0000000092d00000|  0%| F|  |TAMS 0x0000000092c00000, 0x0000000092c00000| Untracked 
| 243|0x0000000092d00000, 0x0000000092d00000, 0x0000000092e00000|  0%| F|  |TAMS 0x0000000092d00000, 0x0000000092d00000| Untracked 
| 244|0x0000000092e00000, 0x0000000092e00000, 0x0000000092f00000|  0%| F|  |TAMS 0x0000000092e00000, 0x0000000092e00000| Untracked 
| 245|0x0000000092f00000, 0x0000000092f00000, 0x0000000093000000|  0%| F|  |TAMS 0x0000000092f00000, 0x0000000092f00000| Untracked 
| 246|0x0000000093000000, 0x0000000093000000, 0x0000000093100000|  0%| F|  |TAMS 0x0000000093000000, 0x0000000093000000| Untracked 
| 247|0x0000000093100000, 0x0000000093100000, 0x0000000093200000|  0%| F|  |TAMS 0x0000000093100000, 0x0000000093100000| Untracked 
| 248|0x0000000093200000, 0x0000000093200000, 0x0000000093300000|  0%| F|  |TAMS 0x0000000093200000, 0x0000000093200000| Untracked 
| 249|0x0000000093300000, 0x0000000093300000, 0x0000000093400000|  0%| F|  |TAMS 0x0000000093300000, 0x0000000093300000| Untracked 
| 250|0x0000000093400000, 0x0000000093400000, 0x0000000093500000|  0%| F|  |TAMS 0x0000000093400000, 0x0000000093400000| Untracked 
| 251|0x0000000093500000, 0x0000000093500000, 0x0000000093600000|  0%| F|  |TAMS 0x0000000093500000, 0x0000000093500000| Untracked 
| 252|0x0000000093600000, 0x0000000093600000, 0x0000000093700000|  0%| F|  |TAMS 0x0000000093600000, 0x0000000093600000| Untracked 
| 253|0x0000000093700000, 0x0000000093700000, 0x0000000093800000|  0%| F|  |TAMS 0x0000000093700000, 0x0000000093700000| Untracked 
| 254|0x0000000093800000, 0x0000000093800000, 0x0000000093900000|  0%| F|  |TAMS 0x0000000093800000, 0x0000000093800000| Untracked 
| 255|0x0000000093900000, 0x0000000093900000, 0x0000000093a00000|  0%| F|  |TAMS 0x0000000093900000, 0x0000000093900000| Untracked 
| 256|0x0000000093a00000, 0x0000000093a00000, 0x0000000093b00000|  0%| F|  |TAMS 0x0000000093a00000, 0x0000000093a00000| Untracked 
| 257|0x0000000093b00000, 0x0000000093b00000, 0x0000000093c00000|  0%| F|  |TAMS 0x0000000093b00000, 0x0000000093b00000| Untracked 
| 258|0x0000000093c00000, 0x0000000093c00000, 0x0000000093d00000|  0%| F|  |TAMS 0x0000000093c00000, 0x0000000093c00000| Untracked 
| 259|0x0000000093d00000, 0x0000000093d00000, 0x0000000093e00000|  0%| F|  |TAMS 0x0000000093d00000, 0x0000000093d00000| Untracked 
| 260|0x0000000093e00000, 0x0000000093e00000, 0x0000000093f00000|  0%| F|  |TAMS 0x0000000093e00000, 0x0000000093e00000| Untracked 
| 261|0x0000000093f00000, 0x0000000093f00000, 0x0000000094000000|  0%| F|  |TAMS 0x0000000093f00000, 0x0000000093f00000| Untracked 
| 262|0x0000000094000000, 0x0000000094000000, 0x0000000094100000|  0%| F|  |TAMS 0x0000000094000000, 0x0000000094000000| Untracked 
| 263|0x0000000094100000, 0x0000000094100000, 0x0000000094200000|  0%| F|  |TAMS 0x0000000094100000, 0x0000000094100000| Untracked 
| 264|0x0000000094200000, 0x0000000094200000, 0x0000000094300000|  0%| F|  |TAMS 0x0000000094200000, 0x0000000094200000| Untracked 
| 265|0x0000000094300000, 0x0000000094300000, 0x0000000094400000|  0%| F|  |TAMS 0x0000000094300000, 0x0000000094300000| Untracked 
| 266|0x0000000094400000, 0x0000000094400000, 0x0000000094500000|  0%| F|  |TAMS 0x0000000094400000, 0x0000000094400000| Untracked 
| 267|0x0000000094500000, 0x0000000094500000, 0x0000000094600000|  0%| F|  |TAMS 0x0000000094500000, 0x0000000094500000| Untracked 
| 268|0x0000000094600000, 0x0000000094600000, 0x0000000094700000|  0%| F|  |TAMS 0x0000000094600000, 0x0000000094600000| Untracked 
| 269|0x0000000094700000, 0x0000000094793070, 0x0000000094800000| 57%| S|CS|TAMS 0x0000000094700000, 0x0000000094700000| Complete 
| 270|0x0000000094800000, 0x0000000094900000, 0x0000000094900000|100%| S|CS|TAMS 0x0000000094800000, 0x0000000094800000| Complete 
| 271|0x0000000094900000, 0x0000000094a00000, 0x0000000094a00000|100%| S|CS|TAMS 0x0000000094900000, 0x0000000094900000| Complete 
| 272|0x0000000094a00000, 0x0000000094b00000, 0x0000000094b00000|100%| S|CS|TAMS 0x0000000094a00000, 0x0000000094a00000| Complete 
| 273|0x0000000094b00000, 0x0000000094c00000, 0x0000000094c00000|100%| S|CS|TAMS 0x0000000094b00000, 0x0000000094b00000| Complete 
| 274|0x0000000094c00000, 0x0000000094d00000, 0x0000000094d00000|100%| S|CS|TAMS 0x0000000094c00000, 0x0000000094c00000| Complete 
| 275|0x0000000094d00000, 0x0000000094d00000, 0x0000000094e00000|  0%| F|  |TAMS 0x0000000094d00000, 0x0000000094d00000| Untracked 
| 276|0x0000000094e00000, 0x0000000094e00000, 0x0000000094f00000|  0%| F|  |TAMS 0x0000000094e00000, 0x0000000094e00000| Untracked 
| 277|0x0000000094f00000, 0x0000000094f00000, 0x0000000095000000|  0%| F|  |TAMS 0x0000000094f00000, 0x0000000094f00000| Untracked 
| 278|0x0000000095000000, 0x0000000095000000, 0x0000000095100000|  0%| F|  |TAMS 0x0000000095000000, 0x0000000095000000| Untracked 
| 279|0x0000000095100000, 0x0000000095100000, 0x0000000095200000|  0%| F|  |TAMS 0x0000000095100000, 0x0000000095100000| Untracked 
| 280|0x0000000095200000, 0x0000000095200000, 0x0000000095300000|  0%| F|  |TAMS 0x0000000095200000, 0x0000000095200000| Untracked 
| 281|0x0000000095300000, 0x0000000095300000, 0x0000000095400000|  0%| F|  |TAMS 0x0000000095300000, 0x0000000095300000| Untracked 
| 282|0x0000000095400000, 0x0000000095400000, 0x0000000095500000|  0%| F|  |TAMS 0x0000000095400000, 0x0000000095400000| Untracked 
| 283|0x0000000095500000, 0x0000000095500000, 0x0000000095600000|  0%| F|  |TAMS 0x0000000095500000, 0x0000000095500000| Untracked 
| 284|0x0000000095600000, 0x0000000095600000, 0x0000000095700000|  0%| F|  |TAMS 0x0000000095600000, 0x0000000095600000| Untracked 
| 285|0x0000000095700000, 0x0000000095700000, 0x0000000095800000|  0%| F|  |TAMS 0x0000000095700000, 0x0000000095700000| Untracked 
| 286|0x0000000095800000, 0x0000000095800000, 0x0000000095900000|  0%| F|  |TAMS 0x0000000095800000, 0x0000000095800000| Untracked 
| 287|0x0000000095900000, 0x0000000095900000, 0x0000000095a00000|  0%| F|  |TAMS 0x0000000095900000, 0x0000000095900000| Untracked 
| 288|0x0000000095a00000, 0x0000000095a00000, 0x0000000095b00000|  0%| F|  |TAMS 0x0000000095a00000, 0x0000000095a00000| Untracked 
| 289|0x0000000095b00000, 0x0000000095b00000, 0x0000000095c00000|  0%| F|  |TAMS 0x0000000095b00000, 0x0000000095b00000| Untracked 
| 290|0x0000000095c00000, 0x0000000095c00000, 0x0000000095d00000|  0%| F|  |TAMS 0x0000000095c00000, 0x0000000095c00000| Untracked 
| 291|0x0000000095d00000, 0x0000000095d00000, 0x0000000095e00000|  0%| F|  |TAMS 0x0000000095d00000, 0x0000000095d00000| Untracked 
| 292|0x0000000095e00000, 0x0000000095e00000, 0x0000000095f00000|  0%| F|  |TAMS 0x0000000095e00000, 0x0000000095e00000| Untracked 
| 293|0x0000000095f00000, 0x0000000095f00000, 0x0000000096000000|  0%| F|  |TAMS 0x0000000095f00000, 0x0000000095f00000| Untracked 
| 294|0x0000000096000000, 0x0000000096000000, 0x0000000096100000|  0%| F|  |TAMS 0x0000000096000000, 0x0000000096000000| Untracked 
| 295|0x0000000096100000, 0x0000000096100000, 0x0000000096200000|  0%| F|  |TAMS 0x0000000096100000, 0x0000000096100000| Untracked 
| 296|0x0000000096200000, 0x0000000096200000, 0x0000000096300000|  0%| F|  |TAMS 0x0000000096200000, 0x0000000096200000| Untracked 
| 297|0x0000000096300000, 0x0000000096300000, 0x0000000096400000|  0%| F|  |TAMS 0x0000000096300000, 0x0000000096300000| Untracked 
| 298|0x0000000096400000, 0x0000000096400000, 0x0000000096500000|  0%| F|  |TAMS 0x0000000096400000, 0x0000000096400000| Untracked 
| 299|0x0000000096500000, 0x0000000096500000, 0x0000000096600000|  0%| F|  |TAMS 0x0000000096500000, 0x0000000096500000| Untracked 
| 300|0x0000000096600000, 0x0000000096600000, 0x0000000096700000|  0%| F|  |TAMS 0x0000000096600000, 0x0000000096600000| Untracked 
| 301|0x0000000096700000, 0x0000000096700000, 0x0000000096800000|  0%| F|  |TAMS 0x0000000096700000, 0x0000000096700000| Untracked 
| 302|0x0000000096800000, 0x0000000096800000, 0x0000000096900000|  0%| F|  |TAMS 0x0000000096800000, 0x0000000096800000| Untracked 
| 303|0x0000000096900000, 0x0000000096900000, 0x0000000096a00000|  0%| F|  |TAMS 0x0000000096900000, 0x0000000096900000| Untracked 
| 304|0x0000000096a00000, 0x0000000096a00000, 0x0000000096b00000|  0%| F|  |TAMS 0x0000000096a00000, 0x0000000096a00000| Untracked 
| 305|0x0000000096b00000, 0x0000000096b00000, 0x0000000096c00000|  0%| F|  |TAMS 0x0000000096b00000, 0x0000000096b00000| Untracked 
| 306|0x0000000096c00000, 0x0000000096c00000, 0x0000000096d00000|  0%| F|  |TAMS 0x0000000096c00000, 0x0000000096c00000| Untracked 
| 307|0x0000000096d00000, 0x0000000096d00000, 0x0000000096e00000|  0%| F|  |TAMS 0x0000000096d00000, 0x0000000096d00000| Untracked 
| 308|0x0000000096e00000, 0x0000000096e00000, 0x0000000096f00000|  0%| F|  |TAMS 0x0000000096e00000, 0x0000000096e00000| Untracked 
| 309|0x0000000096f00000, 0x0000000096f00000, 0x0000000097000000|  0%| F|  |TAMS 0x0000000096f00000, 0x0000000096f00000| Untracked 
| 310|0x0000000097000000, 0x0000000097000000, 0x0000000097100000|  0%| F|  |TAMS 0x0000000097000000, 0x0000000097000000| Untracked 
| 311|0x0000000097100000, 0x0000000097100000, 0x0000000097200000|  0%| F|  |TAMS 0x0000000097100000, 0x0000000097100000| Untracked 
| 312|0x0000000097200000, 0x0000000097200000, 0x0000000097300000|  0%| F|  |TAMS 0x0000000097200000, 0x0000000097200000| Untracked 
| 313|0x0000000097300000, 0x0000000097300000, 0x0000000097400000|  0%| F|  |TAMS 0x0000000097300000, 0x0000000097300000| Untracked 
| 314|0x0000000097400000, 0x0000000097400000, 0x0000000097500000|  0%| F|  |TAMS 0x0000000097400000, 0x0000000097400000| Untracked 
| 315|0x0000000097500000, 0x0000000097500000, 0x0000000097600000|  0%| F|  |TAMS 0x0000000097500000, 0x0000000097500000| Untracked 
| 316|0x0000000097600000, 0x0000000097600000, 0x0000000097700000|  0%| F|  |TAMS 0x0000000097600000, 0x0000000097600000| Untracked 
| 317|0x0000000097700000, 0x0000000097700000, 0x0000000097800000|  0%| F|  |TAMS 0x0000000097700000, 0x0000000097700000| Untracked 
| 318|0x0000000097800000, 0x0000000097800000, 0x0000000097900000|  0%| F|  |TAMS 0x0000000097800000, 0x0000000097800000| Untracked 
| 319|0x0000000097900000, 0x0000000097900000, 0x0000000097a00000|  0%| F|  |TAMS 0x0000000097900000, 0x0000000097900000| Untracked 
| 320|0x0000000097a00000, 0x0000000097a00000, 0x0000000097b00000|  0%| F|  |TAMS 0x0000000097a00000, 0x0000000097a00000| Untracked 
| 321|0x0000000097b00000, 0x0000000097b00000, 0x0000000097c00000|  0%| F|  |TAMS 0x0000000097b00000, 0x0000000097b00000| Untracked 
| 322|0x0000000097c00000, 0x0000000097c00000, 0x0000000097d00000|  0%| F|  |TAMS 0x0000000097c00000, 0x0000000097c00000| Untracked 
| 323|0x0000000097d00000, 0x0000000097d00000, 0x0000000097e00000|  0%| F|  |TAMS 0x0000000097d00000, 0x0000000097d00000| Untracked 
| 324|0x0000000097e00000, 0x0000000097e00000, 0x0000000097f00000|  0%| F|  |TAMS 0x0000000097e00000, 0x0000000097e00000| Untracked 
| 325|0x0000000097f00000, 0x0000000097f00000, 0x0000000098000000|  0%| F|  |TAMS 0x0000000097f00000, 0x0000000097f00000| Untracked 
| 326|0x0000000098000000, 0x0000000098000000, 0x0000000098100000|  0%| F|  |TAMS 0x0000000098000000, 0x0000000098000000| Untracked 
| 327|0x0000000098100000, 0x0000000098100000, 0x0000000098200000|  0%| F|  |TAMS 0x0000000098100000, 0x0000000098100000| Untracked 
| 328|0x0000000098200000, 0x0000000098200000, 0x0000000098300000|  0%| F|  |TAMS 0x0000000098200000, 0x0000000098200000| Untracked 
| 329|0x0000000098300000, 0x0000000098300000, 0x0000000098400000|  0%| F|  |TAMS 0x0000000098300000, 0x0000000098300000| Untracked 
| 330|0x0000000098400000, 0x0000000098400000, 0x0000000098500000|  0%| F|  |TAMS 0x0000000098400000, 0x0000000098400000| Untracked 
| 331|0x0000000098500000, 0x0000000098500000, 0x0000000098600000|  0%| F|  |TAMS 0x0000000098500000, 0x0000000098500000| Untracked 
| 332|0x0000000098600000, 0x0000000098600000, 0x0000000098700000|  0%| F|  |TAMS 0x0000000098600000, 0x0000000098600000| Untracked 
| 333|0x0000000098700000, 0x0000000098700000, 0x0000000098800000|  0%| F|  |TAMS 0x0000000098700000, 0x0000000098700000| Untracked 
| 334|0x0000000098800000, 0x0000000098800000, 0x0000000098900000|  0%| F|  |TAMS 0x0000000098800000, 0x0000000098800000| Untracked 
| 335|0x0000000098900000, 0x0000000098900000, 0x0000000098a00000|  0%| F|  |TAMS 0x0000000098900000, 0x0000000098900000| Untracked 
| 336|0x0000000098a00000, 0x0000000098a00000, 0x0000000098b00000|  0%| F|  |TAMS 0x0000000098a00000, 0x0000000098a00000| Untracked 
| 337|0x0000000098b00000, 0x0000000098b00000, 0x0000000098c00000|  0%| F|  |TAMS 0x0000000098b00000, 0x0000000098b00000| Untracked 
| 338|0x0000000098c00000, 0x0000000098c00000, 0x0000000098d00000|  0%| F|  |TAMS 0x0000000098c00000, 0x0000000098c00000| Untracked 
| 339|0x0000000098d00000, 0x0000000098d00000, 0x0000000098e00000|  0%| F|  |TAMS 0x0000000098d00000, 0x0000000098d00000| Untracked 
| 340|0x0000000098e00000, 0x0000000098e00000, 0x0000000098f00000|  0%| F|  |TAMS 0x0000000098e00000, 0x0000000098e00000| Untracked 
| 341|0x0000000098f00000, 0x0000000098f00000, 0x0000000099000000|  0%| F|  |TAMS 0x0000000098f00000, 0x0000000098f00000| Untracked 
| 342|0x0000000099000000, 0x0000000099000000, 0x0000000099100000|  0%| F|  |TAMS 0x0000000099000000, 0x0000000099000000| Untracked 
| 343|0x0000000099100000, 0x0000000099100000, 0x0000000099200000|  0%| F|  |TAMS 0x0000000099100000, 0x0000000099100000| Untracked 
| 344|0x0000000099200000, 0x0000000099200000, 0x0000000099300000|  0%| F|  |TAMS 0x0000000099200000, 0x0000000099200000| Untracked 
| 345|0x0000000099300000, 0x0000000099300000, 0x0000000099400000|  0%| F|  |TAMS 0x0000000099300000, 0x0000000099300000| Untracked 
| 346|0x0000000099400000, 0x0000000099400000, 0x0000000099500000|  0%| F|  |TAMS 0x0000000099400000, 0x0000000099400000| Untracked 
| 347|0x0000000099500000, 0x0000000099500000, 0x0000000099600000|  0%| F|  |TAMS 0x0000000099500000, 0x0000000099500000| Untracked 
| 348|0x0000000099600000, 0x0000000099600000, 0x0000000099700000|  0%| F|  |TAMS 0x0000000099600000, 0x0000000099600000| Untracked 
| 349|0x0000000099700000, 0x0000000099700000, 0x0000000099800000|  0%| F|  |TAMS 0x0000000099700000, 0x0000000099700000| Untracked 
| 350|0x0000000099800000, 0x0000000099800000, 0x0000000099900000|  0%| F|  |TAMS 0x0000000099800000, 0x0000000099800000| Untracked 
| 351|0x0000000099900000, 0x0000000099900000, 0x0000000099a00000|  0%| F|  |TAMS 0x0000000099900000, 0x0000000099900000| Untracked 
| 352|0x0000000099a00000, 0x0000000099a00000, 0x0000000099b00000|  0%| F|  |TAMS 0x0000000099a00000, 0x0000000099a00000| Untracked 
| 353|0x0000000099b00000, 0x0000000099b00000, 0x0000000099c00000|  0%| F|  |TAMS 0x0000000099b00000, 0x0000000099b00000| Untracked 
| 354|0x0000000099c00000, 0x0000000099c00000, 0x0000000099d00000|  0%| F|  |TAMS 0x0000000099c00000, 0x0000000099c00000| Untracked 
| 355|0x0000000099d00000, 0x0000000099d00000, 0x0000000099e00000|  0%| F|  |TAMS 0x0000000099d00000, 0x0000000099d00000| Untracked 
| 356|0x0000000099e00000, 0x0000000099e00000, 0x0000000099f00000|  0%| F|  |TAMS 0x0000000099e00000, 0x0000000099e00000| Untracked 
| 357|0x0000000099f00000, 0x0000000099f00000, 0x000000009a000000|  0%| F|  |TAMS 0x0000000099f00000, 0x0000000099f00000| Untracked 
| 358|0x000000009a000000, 0x000000009a000000, 0x000000009a100000|  0%| F|  |TAMS 0x000000009a000000, 0x000000009a000000| Untracked 
| 359|0x000000009a100000, 0x000000009a100000, 0x000000009a200000|  0%| F|  |TAMS 0x000000009a100000, 0x000000009a100000| Untracked 
| 360|0x000000009a200000, 0x000000009a200000, 0x000000009a300000|  0%| F|  |TAMS 0x000000009a200000, 0x000000009a200000| Untracked 
| 361|0x000000009a300000, 0x000000009a300000, 0x000000009a400000|  0%| F|  |TAMS 0x000000009a300000, 0x000000009a300000| Untracked 
| 362|0x000000009a400000, 0x000000009a400000, 0x000000009a500000|  0%| F|  |TAMS 0x000000009a400000, 0x000000009a400000| Untracked 
| 363|0x000000009a500000, 0x000000009a500000, 0x000000009a600000|  0%| F|  |TAMS 0x000000009a500000, 0x000000009a500000| Untracked 
| 364|0x000000009a600000, 0x000000009a600000, 0x000000009a700000|  0%| F|  |TAMS 0x000000009a600000, 0x000000009a600000| Untracked 
| 365|0x000000009a700000, 0x000000009a700000, 0x000000009a800000|  0%| F|  |TAMS 0x000000009a700000, 0x000000009a700000| Untracked 
| 366|0x000000009a800000, 0x000000009a800000, 0x000000009a900000|  0%| F|  |TAMS 0x000000009a800000, 0x000000009a800000| Untracked 
| 367|0x000000009a900000, 0x000000009a900000, 0x000000009aa00000|  0%| F|  |TAMS 0x000000009a900000, 0x000000009a900000| Untracked 
| 368|0x000000009aa00000, 0x000000009aa80000, 0x000000009ab00000| 50%| E|  |TAMS 0x000000009aa00000, 0x000000009aa00000| Complete 
| 369|0x000000009ab00000, 0x000000009ac00000, 0x000000009ac00000|100%| E|CS|TAMS 0x000000009ab00000, 0x000000009ab00000| Complete 
| 370|0x000000009ac00000, 0x000000009ad00000, 0x000000009ad00000|100%| E|CS|TAMS 0x000000009ac00000, 0x000000009ac00000| Complete 
| 371|0x000000009ad00000, 0x000000009ae00000, 0x000000009ae00000|100%| E|CS|TAMS 0x000000009ad00000, 0x000000009ad00000| Complete 
| 372|0x000000009ae00000, 0x000000009af00000, 0x000000009af00000|100%| E|CS|TAMS 0x000000009ae00000, 0x000000009ae00000| Complete 
| 373|0x000000009af00000, 0x000000009b000000, 0x000000009b000000|100%| E|CS|TAMS 0x000000009af00000, 0x000000009af00000| Complete 
| 374|0x000000009b000000, 0x000000009b100000, 0x000000009b100000|100%| E|CS|TAMS 0x000000009b000000, 0x000000009b000000| Complete 
| 375|0x000000009b100000, 0x000000009b200000, 0x000000009b200000|100%| E|CS|TAMS 0x000000009b100000, 0x000000009b100000| Complete 
| 376|0x000000009b200000, 0x000000009b300000, 0x000000009b300000|100%| E|CS|TAMS 0x000000009b200000, 0x000000009b200000| Complete 
| 377|0x000000009b300000, 0x000000009b400000, 0x000000009b400000|100%| E|CS|TAMS 0x000000009b300000, 0x000000009b300000| Complete 
| 378|0x000000009b400000, 0x000000009b500000, 0x000000009b500000|100%| E|CS|TAMS 0x000000009b400000, 0x000000009b400000| Complete 
| 379|0x000000009b500000, 0x000000009b600000, 0x000000009b600000|100%| E|CS|TAMS 0x000000009b500000, 0x000000009b500000| Complete 
| 380|0x000000009b600000, 0x000000009b700000, 0x000000009b700000|100%| E|CS|TAMS 0x000000009b600000, 0x000000009b600000| Complete 
| 381|0x000000009b700000, 0x000000009b800000, 0x000000009b800000|100%| E|CS|TAMS 0x000000009b700000, 0x000000009b700000| Complete 
| 382|0x000000009b800000, 0x000000009b900000, 0x000000009b900000|100%| E|CS|TAMS 0x000000009b800000, 0x000000009b800000| Complete 
| 383|0x000000009b900000, 0x000000009ba00000, 0x000000009ba00000|100%| E|CS|TAMS 0x000000009b900000, 0x000000009b900000| Complete 
| 384|0x000000009ba00000, 0x000000009bb00000, 0x000000009bb00000|100%| E|CS|TAMS 0x000000009ba00000, 0x000000009ba00000| Complete 
| 385|0x000000009bb00000, 0x000000009bc00000, 0x000000009bc00000|100%| E|CS|TAMS 0x000000009bb00000, 0x000000009bb00000| Complete 
| 386|0x000000009bc00000, 0x000000009bd00000, 0x000000009bd00000|100%| E|CS|TAMS 0x000000009bc00000, 0x000000009bc00000| Complete 
| 387|0x000000009bd00000, 0x000000009be00000, 0x000000009be00000|100%| E|CS|TAMS 0x000000009bd00000, 0x000000009bd00000| Complete 
| 388|0x000000009be00000, 0x000000009bf00000, 0x000000009bf00000|100%| E|CS|TAMS 0x000000009be00000, 0x000000009be00000| Complete 
| 389|0x000000009bf00000, 0x000000009c000000, 0x000000009c000000|100%| E|CS|TAMS 0x000000009bf00000, 0x000000009bf00000| Complete 
| 390|0x000000009c000000, 0x000000009c100000, 0x000000009c100000|100%| E|CS|TAMS 0x000000009c000000, 0x000000009c000000| Complete 
| 391|0x000000009c100000, 0x000000009c200000, 0x000000009c200000|100%| E|CS|TAMS 0x000000009c100000, 0x000000009c100000| Complete 
| 392|0x000000009c200000, 0x000000009c300000, 0x000000009c300000|100%| E|CS|TAMS 0x000000009c200000, 0x000000009c200000| Complete 
| 393|0x000000009c300000, 0x000000009c400000, 0x000000009c400000|100%| E|CS|TAMS 0x000000009c300000, 0x000000009c300000| Complete 
| 394|0x000000009c400000, 0x000000009c500000, 0x000000009c500000|100%| E|CS|TAMS 0x000000009c400000, 0x000000009c400000| Complete 
| 395|0x000000009c500000, 0x000000009c600000, 0x000000009c600000|100%| E|CS|TAMS 0x000000009c500000, 0x000000009c500000| Complete 
| 396|0x000000009c600000, 0x000000009c700000, 0x000000009c700000|100%| E|CS|TAMS 0x000000009c600000, 0x000000009c600000| Complete 
| 397|0x000000009c700000, 0x000000009c800000, 0x000000009c800000|100%| E|CS|TAMS 0x000000009c700000, 0x000000009c700000| Complete 
| 398|0x000000009c800000, 0x000000009c900000, 0x000000009c900000|100%| E|CS|TAMS 0x000000009c800000, 0x000000009c800000| Complete 
| 399|0x000000009c900000, 0x000000009ca00000, 0x000000009ca00000|100%| E|CS|TAMS 0x000000009c900000, 0x000000009c900000| Complete 
| 400|0x000000009ca00000, 0x000000009cb00000, 0x000000009cb00000|100%| E|CS|TAMS 0x000000009ca00000, 0x000000009ca00000| Complete 
| 401|0x000000009cb00000, 0x000000009cc00000, 0x000000009cc00000|100%| E|CS|TAMS 0x000000009cb00000, 0x000000009cb00000| Complete 
| 402|0x000000009cc00000, 0x000000009cd00000, 0x000000009cd00000|100%| E|CS|TAMS 0x000000009cc00000, 0x000000009cc00000| Complete 
| 403|0x000000009cd00000, 0x000000009ce00000, 0x000000009ce00000|100%| E|CS|TAMS 0x000000009cd00000, 0x000000009cd00000| Complete 
| 404|0x000000009ce00000, 0x000000009cf00000, 0x000000009cf00000|100%| E|CS|TAMS 0x000000009ce00000, 0x000000009ce00000| Complete 
| 405|0x000000009cf00000, 0x000000009d000000, 0x000000009d000000|100%| E|CS|TAMS 0x000000009cf00000, 0x000000009cf00000| Complete 
| 406|0x000000009d000000, 0x000000009d100000, 0x000000009d100000|100%| E|CS|TAMS 0x000000009d000000, 0x000000009d000000| Complete 
| 407|0x000000009d100000, 0x000000009d200000, 0x000000009d200000|100%| E|CS|TAMS 0x000000009d100000, 0x000000009d100000| Complete 
| 408|0x000000009d200000, 0x000000009d300000, 0x000000009d300000|100%| E|CS|TAMS 0x000000009d200000, 0x000000009d200000| Complete 
| 409|0x000000009d300000, 0x000000009d400000, 0x000000009d400000|100%| E|CS|TAMS 0x000000009d300000, 0x000000009d300000| Complete 
| 410|0x000000009d400000, 0x000000009d500000, 0x000000009d500000|100%| E|CS|TAMS 0x000000009d400000, 0x000000009d400000| Complete 
| 411|0x000000009d500000, 0x000000009d600000, 0x000000009d600000|100%| E|CS|TAMS 0x000000009d500000, 0x000000009d500000| Complete 
| 412|0x000000009d600000, 0x000000009d700000, 0x000000009d700000|100%| E|CS|TAMS 0x000000009d600000, 0x000000009d600000| Complete 
| 413|0x000000009d700000, 0x000000009d800000, 0x000000009d800000|100%| E|CS|TAMS 0x000000009d700000, 0x000000009d700000| Complete 
| 414|0x000000009d800000, 0x000000009d900000, 0x000000009d900000|100%| E|CS|TAMS 0x000000009d800000, 0x000000009d800000| Complete 
| 415|0x000000009d900000, 0x000000009da00000, 0x000000009da00000|100%| E|CS|TAMS 0x000000009d900000, 0x000000009d900000| Complete 
| 416|0x000000009da00000, 0x000000009db00000, 0x000000009db00000|100%| E|CS|TAMS 0x000000009da00000, 0x000000009da00000| Complete 
| 417|0x000000009db00000, 0x000000009dc00000, 0x000000009dc00000|100%| E|CS|TAMS 0x000000009db00000, 0x000000009db00000| Complete 
| 418|0x000000009dc00000, 0x000000009dd00000, 0x000000009dd00000|100%| E|CS|TAMS 0x000000009dc00000, 0x000000009dc00000| Complete 
| 419|0x000000009dd00000, 0x000000009de00000, 0x000000009de00000|100%| E|CS|TAMS 0x000000009dd00000, 0x000000009dd00000| Complete 
| 420|0x000000009de00000, 0x000000009df00000, 0x000000009df00000|100%| E|CS|TAMS 0x000000009de00000, 0x000000009de00000| Complete 
| 421|0x000000009df00000, 0x000000009e000000, 0x000000009e000000|100%| E|CS|TAMS 0x000000009df00000, 0x000000009df00000| Complete 
| 422|0x000000009e000000, 0x000000009e100000, 0x000000009e100000|100%| E|CS|TAMS 0x000000009e000000, 0x000000009e000000| Complete 
| 423|0x000000009e100000, 0x000000009e200000, 0x000000009e200000|100%| E|CS|TAMS 0x000000009e100000, 0x000000009e100000| Complete 
| 424|0x000000009e200000, 0x000000009e300000, 0x000000009e300000|100%| E|CS|TAMS 0x000000009e200000, 0x000000009e200000| Complete 
| 425|0x000000009e300000, 0x000000009e400000, 0x000000009e400000|100%| E|CS|TAMS 0x000000009e300000, 0x000000009e300000| Complete 
| 426|0x000000009e400000, 0x000000009e500000, 0x000000009e500000|100%| E|CS|TAMS 0x000000009e400000, 0x000000009e400000| Complete 
| 427|0x000000009e500000, 0x000000009e600000, 0x000000009e600000|100%| E|CS|TAMS 0x000000009e500000, 0x000000009e500000| Complete 
| 428|0x000000009e600000, 0x000000009e700000, 0x000000009e700000|100%| E|CS|TAMS 0x000000009e600000, 0x000000009e600000| Complete 
| 429|0x000000009e700000, 0x000000009e800000, 0x000000009e800000|100%| E|CS|TAMS 0x000000009e700000, 0x000000009e700000| Complete 
| 430|0x000000009e800000, 0x000000009e900000, 0x000000009e900000|100%| E|CS|TAMS 0x000000009e800000, 0x000000009e800000| Complete 
| 431|0x000000009e900000, 0x000000009ea00000, 0x000000009ea00000|100%| E|CS|TAMS 0x000000009e900000, 0x000000009e900000| Complete 
| 432|0x000000009ea00000, 0x000000009eb00000, 0x000000009eb00000|100%| E|CS|TAMS 0x000000009ea00000, 0x000000009ea00000| Complete 
| 433|0x000000009eb00000, 0x000000009ec00000, 0x000000009ec00000|100%| E|CS|TAMS 0x000000009eb00000, 0x000000009eb00000| Complete 
| 434|0x000000009ec00000, 0x000000009ed00000, 0x000000009ed00000|100%| E|CS|TAMS 0x000000009ec00000, 0x000000009ec00000| Complete 
| 435|0x000000009ed00000, 0x000000009ee00000, 0x000000009ee00000|100%| E|CS|TAMS 0x000000009ed00000, 0x000000009ed00000| Complete 
| 436|0x000000009ee00000, 0x000000009ef00000, 0x000000009ef00000|100%| E|CS|TAMS 0x000000009ee00000, 0x000000009ee00000| Complete 
| 437|0x000000009ef00000, 0x000000009f000000, 0x000000009f000000|100%| E|CS|TAMS 0x000000009ef00000, 0x000000009ef00000| Complete 
| 438|0x000000009f000000, 0x000000009f100000, 0x000000009f100000|100%| E|CS|TAMS 0x000000009f000000, 0x000000009f000000| Complete 
| 439|0x000000009f100000, 0x000000009f200000, 0x000000009f200000|100%| E|CS|TAMS 0x000000009f100000, 0x000000009f100000| Complete 
| 440|0x000000009f200000, 0x000000009f300000, 0x000000009f300000|100%| E|CS|TAMS 0x000000009f200000, 0x000000009f200000| Complete 
| 441|0x000000009f300000, 0x000000009f400000, 0x000000009f400000|100%| E|CS|TAMS 0x000000009f300000, 0x000000009f300000| Complete 
| 442|0x000000009f400000, 0x000000009f500000, 0x000000009f500000|100%| E|CS|TAMS 0x000000009f400000, 0x000000009f400000| Complete 
| 443|0x000000009f500000, 0x000000009f600000, 0x000000009f600000|100%| E|CS|TAMS 0x000000009f500000, 0x000000009f500000| Complete 
| 444|0x000000009f600000, 0x000000009f700000, 0x000000009f700000|100%| E|CS|TAMS 0x000000009f600000, 0x000000009f600000| Complete 
| 445|0x000000009f700000, 0x000000009f800000, 0x000000009f800000|100%| E|CS|TAMS 0x000000009f700000, 0x000000009f700000| Complete 
| 446|0x000000009f800000, 0x000000009f900000, 0x000000009f900000|100%| E|CS|TAMS 0x000000009f800000, 0x000000009f800000| Complete 
| 447|0x000000009f900000, 0x000000009fa00000, 0x000000009fa00000|100%| E|CS|TAMS 0x000000009f900000, 0x000000009f900000| Complete 
| 448|0x000000009fa00000, 0x000000009fb00000, 0x000000009fb00000|100%| E|CS|TAMS 0x000000009fa00000, 0x000000009fa00000| Complete 

Card table byte_map: [0x000001c425240000,0x000001c425630000] _byte_map_base: 0x000001c424e23000

Marking Bits (Prev, Next): (CMBitMap*) 0x000001c41a249b00, (CMBitMap*) 0x000001c41a249b40
 Prev Bits: [0x000001c425a20000, 0x000001c427938000)
 Next Bits: [0x000001c427940000, 0x000001c429858000)

Polling page: 0x000001c4180c0000

Metaspace:

Usage:
  Non-class:     73.62 MB used.
      Class:     12.71 MB used.
       Both:     86.33 MB used.

Virtual space:
  Non-class space:      128.00 MB reserved,      73.94 MB ( 58%) committed,  2 nodes.
      Class space:        1.00 GB reserved,      13.00 MB (  1%) committed,  1 nodes.
             Both:        1.12 GB reserved,      86.94 MB (  8%) committed. 

Chunk freelists:
   Non-Class:  5.98 MB
       Class:  3.03 MB
        Both:  9.02 MB

MaxMetaspaceSize: unlimited
CompressedClassSpaceSize: 1.00 GB
Initial GC threshold: 21.00 MB
Current GC threshold: 135.31 MB
CDS: on
MetaspaceReclaimPolicy: balanced
 - commit_granule_bytes: 65536.
 - commit_granule_words: 8192.
 - virtual_space_node_default_size: 8388608.
 - enlarge_chunks_in_place: 1.
 - new_chunks_are_fully_committed: 0.
 - uncommit_free_chunks: 1.
 - use_allocation_guard: 0.
 - handle_deallocations: 1.


Internal statistics:

num_allocs_failed_limit: 9.
num_arena_births: 1088.
num_arena_deaths: 234.
num_vsnodes_births: 3.
num_vsnodes_deaths: 0.
num_space_committed: 1391.
num_space_uncommitted: 0.
num_chunks_returned_to_freelist: 270.
num_chunks_taken_from_freelist: 4533.
num_chunk_merges: 95.
num_chunk_splits: 3186.
num_chunks_enlarged: 2453.
num_inconsistent_stats: 0.

CodeCache: size=49152Kb used=16594Kb max_used=16594Kb free=32557Kb
 bounds [0x000001c421d40000, 0x000001c422d80000, 0x000001c424d40000]
 total_blobs=10525 nmethods=9803 adapters=648
 compilation: enabled
              stopped_count=0, restarted_count=0
 full_count=0

Compilation events (20 events):
Event: 144.863 Thread 0x000001c42c363f50 9794       1       org.springframework.beans.factory.InjectionPoint::<init> (47 bytes)
Event: 144.864 Thread 0x000001c42c363f50 nmethod 9794 0x000001c422d6db10 code [0x000001c422d6dcc0, 0x000001c422d6df68]
Event: 144.949 Thread 0x000001c42c363f50 9795       1       org.springframework.util.CollectionUtils::newLinkedHashMap (14 bytes)
Event: 144.949 Thread 0x000001c42c363f50 nmethod 9795 0x000001c422d6ec90 code [0x000001c422d6eea0, 0x000001c422d6f058]
Event: 144.968 Thread 0x000001c42c363f50 9796       1       org.springframework.beans.factory.support.DefaultSingletonBeanRegistry$$Lambda$399/0x000001c42e1d6570::apply (8 bytes)
Event: 144.968 Thread 0x000001c42c363f50 nmethod 9796 0x000001c422d6f190 code [0x000001c422d6f360, 0x000001c422d6f5c8]
Event: 144.968 Thread 0x000001c42c363f50 9797       1       org.springframework.beans.factory.support.DefaultSingletonBeanRegistry::lambda$registerDependentBean$3 (10 bytes)
Event: 144.969 Thread 0x000001c42c363f50 nmethod 9797 0x000001c422d6f710 code [0x000001c422d6f8e0, 0x000001c422d6fae8]
Event: 144.989 Thread 0x000001c42c363f50 9798       1       org.springframework.beans.factory.BeanFactoryUtils::beanNamesForTypeIncludingAncestors (78 bytes)
Event: 144.990 Thread 0x000001c42c363f50 nmethod 9798 0x000001c422d6fc10 code [0x000001c422d6fe00, 0x000001c422d701c8]
Event: 144.993 Thread 0x000001c42c363f50 9799       1       org.springframework.beans.factory.support.DefaultListableBeanFactory::findAutowireCandidates (402 bytes)
Event: 144.999 Thread 0x000001c42c363f50 nmethod 9799 0x000001c422d70390 code [0x000001c422d70800, 0x000001c422d718a8]
Event: 145.052 Thread 0x000001c42c363f50 9800   !   1       jdk.proxy2.$Proxy23::annotationType (29 bytes)
Event: 145.053 Thread 0x000001c42c363f50 nmethod 9800 0x000001c422d72610 code [0x000001c422d727c0, 0x000001c422d729d8]
Event: 145.058 Thread 0x000001c42c363f50 9801       1       java.util.regex.Pattern$CharProperty::study (29 bytes)
Event: 145.058 Thread 0x000001c42c363f50 nmethod 9801 0x000001c422d72b10 code [0x000001c422d72cc0, 0x000001c422d72dc8]
Event: 145.061 Thread 0x000001c42c363f50 9802   !   1       org.springframework.beans.factory.support.DefaultListableBeanFactory::preInstantiateSingleton (165 bytes)
Event: 145.062 Thread 0x000001c42c363f50 nmethod 9802 0x000001c422d72e90 code [0x000001c422d730e0, 0x000001c422d735c8]
Event: 145.062 Thread 0x000001c42c363f50 9803       1       org.springframework.beans.factory.support.DefaultListableBeanFactory::instantiateSingleton (56 bytes)
Event: 145.064 Thread 0x000001c42c363f50 nmethod 9803 0x000001c422d73990 code [0x000001c422d73c00, 0x000001c422d741e8]

GC Heap History (20 events):
Event: 124.716 GC heap before
{Heap before GC invocations=35 (full 0):
 garbage-first heap   total 81920K, used 65971K [0x0000000083a00000, 0x0000000100000000)
  region size 1024K, 23 young (23552K), 1 survivors (1024K)
 Metaspace       used 78383K, committed 78912K, reserved 1179648K
  class space    used 11611K, committed 11840K, reserved 1048576K
}
Event: 124.726 GC heap after
{Heap after GC invocations=36 (full 0):
 garbage-first heap   total 192512K, used 45454K [0x0000000083a00000, 0x0000000100000000)
  region size 1024K, 3 young (3072K), 3 survivors (3072K)
 Metaspace       used 78383K, committed 78912K, reserved 1179648K
  class space    used 11611K, committed 11840K, reserved 1048576K
}
Event: 127.531 GC heap before
{Heap before GC invocations=36 (full 0):
 garbage-first heap   total 192512K, used 145806K [0x0000000083a00000, 0x0000000100000000)
  region size 1024K, 101 young (103424K), 3 survivors (3072K)
 Metaspace       used 80205K, committed 80704K, reserved 1179648K
  class space    used 11890K, committed 12096K, reserved 1048576K
}
Event: 127.546 GC heap after
{Heap after GC invocations=37 (full 0):
 garbage-first heap   total 192512K, used 49924K [0x0000000083a00000, 0x0000000100000000)
  region size 1024K, 8 young (8192K), 8 survivors (8192K)
 Metaspace       used 80205K, committed 80704K, reserved 1179648K
  class space    used 11890K, committed 12096K, reserved 1048576K
}
Event: 132.503 GC heap before
{Heap before GC invocations=37 (full 0):
 garbage-first heap   total 192512K, used 152324K [0x0000000083a00000, 0x0000000100000000)
  region size 1024K, 108 young (110592K), 8 survivors (8192K)
 Metaspace       used 82558K, committed 83136K, reserved 1179648K
  class space    used 12213K, committed 12480K, reserved 1048576K
}
Event: 132.552 GC heap after
{Heap after GC invocations=38 (full 0):
 garbage-first heap   total 192512K, used 59711K [0x0000000083a00000, 0x0000000100000000)
  region size 1024K, 14 young (14336K), 14 survivors (14336K)
 Metaspace       used 82558K, committed 83136K, reserved 1179648K
  class space    used 12213K, committed 12480K, reserved 1048576K
}
Event: 133.643 GC heap before
{Heap before GC invocations=38 (full 0):
 garbage-first heap   total 192512K, used 149823K [0x0000000083a00000, 0x0000000100000000)
  region size 1024K, 101 young (103424K), 14 survivors (14336K)
 Metaspace       used 82558K, committed 83136K, reserved 1179648K
  class space    used 12213K, committed 12480K, reserved 1048576K
}
Event: 133.706 GC heap after
{Heap after GC invocations=39 (full 0):
 garbage-first heap   total 192512K, used 88216K [0x0000000083a00000, 0x0000000100000000)
  region size 1024K, 13 young (13312K), 13 survivors (13312K)
 Metaspace       used 82558K, committed 83136K, reserved 1179648K
  class space    used 12213K, committed 12480K, reserved 1048576K
}
Event: 134.652 GC heap before
{Heap before GC invocations=39 (full 0):
 garbage-first heap   total 192512K, used 143512K [0x0000000083a00000, 0x0000000100000000)
  region size 1024K, 67 young (68608K), 13 survivors (13312K)
 Metaspace       used 82558K, committed 83136K, reserved 1179648K
  class space    used 12213K, committed 12480K, reserved 1048576K
}
Event: 134.700 GC heap after
{Heap after GC invocations=40 (full 0):
 garbage-first heap   total 192512K, used 103936K [0x0000000083a00000, 0x0000000100000000)
  region size 1024K, 9 young (9216K), 9 survivors (9216K)
 Metaspace       used 82558K, committed 83136K, reserved 1179648K
  class space    used 12213K, committed 12480K, reserved 1048576K
}
Event: 135.369 GC heap before
{Heap before GC invocations=41 (full 0):
 garbage-first heap   total 194560K, used 144896K [0x0000000083a00000, 0x0000000100000000)
  region size 1024K, 51 young (52224K), 9 survivors (9216K)
 Metaspace       used 82546K, committed 83136K, reserved 1179648K
  class space    used 12211K, committed 12480K, reserved 1048576K
}
Event: 135.398 GC heap after
{Heap after GC invocations=42 (full 0):
 garbage-first heap   total 194560K, used 112640K [0x0000000083a00000, 0x0000000100000000)
  region size 1024K, 7 young (7168K), 7 survivors (7168K)
 Metaspace       used 82546K, committed 83136K, reserved 1179648K
  class space    used 12211K, committed 12480K, reserved 1048576K
}
Event: 135.412 GC heap before
{Heap before GC invocations=42 (full 0):
 garbage-first heap   total 194560K, used 114688K [0x0000000083a00000, 0x0000000100000000)
  region size 1024K, 9 young (9216K), 7 survivors (7168K)
 Metaspace       used 82546K, committed 83136K, reserved 1179648K
  class space    used 12211K, committed 12480K, reserved 1048576K
}
Event: 135.429 GC heap after
{Heap after GC invocations=43 (full 0):
 garbage-first heap   total 194560K, used 112840K [0x0000000083a00000, 0x0000000100000000)
  region size 1024K, 2 young (2048K), 2 survivors (2048K)
 Metaspace       used 82546K, committed 83136K, reserved 1179648K
  class space    used 12211K, committed 12480K, reserved 1048576K
}
Event: 136.239 GC heap before
{Heap before GC invocations=43 (full 0):
 garbage-first heap   total 194560K, used 150728K [0x0000000083a00000, 0x0000000100000000)
  region size 1024K, 39 young (39936K), 2 survivors (2048K)
 Metaspace       used 82950K, committed 83520K, reserved 1179648K
  class space    used 12270K, committed 12544K, reserved 1048576K
}
Event: 136.255 GC heap after
{Heap after GC invocations=44 (full 0):
 garbage-first heap   total 194560K, used 113948K [0x0000000083a00000, 0x0000000100000000)
  region size 1024K, 3 young (3072K), 3 survivors (3072K)
 Metaspace       used 82950K, committed 83520K, reserved 1179648K
  class space    used 12270K, committed 12544K, reserved 1048576K
}
Event: 136.796 GC heap before
{Heap before GC invocations=44 (full 0):
 garbage-first heap   total 194560K, used 152860K [0x0000000083a00000, 0x0000000100000000)
  region size 1024K, 41 young (41984K), 3 survivors (3072K)
 Metaspace       used 82962K, committed 83520K, reserved 1179648K
  class space    used 12274K, committed 12544K, reserved 1048576K
}
Event: 136.812 GC heap after
{Heap after GC invocations=45 (full 0):
 garbage-first heap   total 459776K, used 116904K [0x0000000083a00000, 0x0000000100000000)
  region size 1024K, 6 young (6144K), 6 survivors (6144K)
 Metaspace       used 82962K, committed 83520K, reserved 1179648K
  class space    used 12274K, committed 12544K, reserved 1048576K
}
Event: 139.754 GC heap before
{Heap before GC invocations=45 (full 0):
 garbage-first heap   total 459776K, used 295080K [0x0000000083a00000, 0x0000000100000000)
  region size 1024K, 180 young (184320K), 6 survivors (6144K)
 Metaspace       used 82967K, committed 83584K, reserved 1179648K
  class space    used 12274K, committed 12544K, reserved 1048576K
}
Event: 139.769 GC heap after
{Heap after GC invocations=46 (full 0):
 garbage-first heap   total 459776K, used 116951K [0x0000000083a00000, 0x0000000100000000)
  region size 1024K, 6 young (6144K), 6 survivors (6144K)
 Metaspace       used 82967K, committed 83584K, reserved 1179648K
  class space    used 12274K, committed 12544K, reserved 1048576K
}

Dll operation events (10 events):
Event: 1.145 Loaded shared library C:\Users\Samsung\.jdks\ms-17.0.17\bin\java.dll
Event: 2.294 Loaded shared library C:\Users\Samsung\.jdks\ms-17.0.17\bin\jsvml.dll
Event: 5.801 Loaded shared library C:\Users\Samsung\.jdks\ms-17.0.17\bin\net.dll
Event: 5.824 Loaded shared library C:\Users\Samsung\.jdks\ms-17.0.17\bin\nio.dll
Event: 5.983 Loaded shared library C:\Users\Samsung\.jdks\ms-17.0.17\bin\zip.dll
Event: 9.630 Loaded shared library C:\Users\Samsung\.jdks\ms-17.0.17\bin\jimage.dll
Event: 13.343 Loaded shared library C:\Users\Samsung\.jdks\ms-17.0.17\bin\management.dll
Event: 13.495 Loaded shared library C:\Users\Samsung\.jdks\ms-17.0.17\bin\management_ext.dll
Event: 29.427 Loaded shared library C:\Users\Samsung\.jdks\ms-17.0.17\bin\sunmscapi.dll
Event: 72.011 Loaded shared library C:\Users\Samsung\.jdks\ms-17.0.17\bin\extnet.dll

Deoptimization events (10 events):
Event: 120.452 Thread 0x000001c473e9ff90 DEOPT PACKING pc=0x000001c422150901 sp=0x000000c0350ff4a0
Event: 120.454 Thread 0x000001c473e9ff90 DEOPT UNPACKING pc=0x000001c421d9ace3 sp=0x000000c0350fe938 mode 3
Event: 131.758 Thread 0x000001c473ea09b0 DEOPT PACKING pc=0x000001c4221dfe17 sp=0x000000c0373fec00
Event: 131.759 Thread 0x000001c473ea09b0 DEOPT UNPACKING pc=0x000001c421d9ace3 sp=0x000000c0373fe058 mode 3
Event: 142.296 Thread 0x000001c42ca2f310 DEOPT PACKING pc=0x000001c422a718a4 sp=0x000000c0369fa550
Event: 142.296 Thread 0x000001c42ca2f310 DEOPT UNPACKING pc=0x000001c421d9ace3 sp=0x000000c0369f9c40 mode 0
Event: 142.321 Thread 0x000001c42ca2f310 DEOPT PACKING pc=0x000001c422a72434 sp=0x000000c0369fbe70
Event: 142.322 Thread 0x000001c42ca2f310 DEOPT UNPACKING pc=0x000001c421d9ace3 sp=0x000000c0369fb480 mode 0
Event: 142.860 Thread 0x000001c42ca2f310 DEOPT PACKING pc=0x000001c422a72434 sp=0x000000c0369fd540
Event: 142.860 Thread 0x000001c42ca2f310 DEOPT UNPACKING pc=0x000001c421d9ace3 sp=0x000000c0369fcb50 mode 0

Classes loaded (20 events):
Event: 141.609 Loading class org/w3c/dom/Element
Event: 141.611 Loading class org/w3c/dom/Node
Event: 141.612 Loading class org/w3c/dom/Node done
Event: 141.612 Loading class org/w3c/dom/Element done
Event: 141.627 Loading class java/time/format/DateTimeFormatterBuilder$ReducedPrinterParser
Event: 141.630 Loading class java/time/format/DateTimeFormatterBuilder$ReducedPrinterParser done
Event: 141.795 Loading class java/util/Comparators$NullComparator
Event: 141.796 Loading class java/util/Comparators$NullComparator done
Event: 141.900 Loading class java/time/DurationEditor
Event: 141.900 Loading class java/time/DurationEditor done
Event: 142.079 Loading class java/util/Collections$SynchronizedRandomAccessList
Event: 142.079 Loading class java/util/Collections$SynchronizedList
Event: 142.080 Loading class java/util/Collections$SynchronizedList done
Event: 142.080 Loading class java/util/Collections$SynchronizedRandomAccessList done
Event: 143.317 Loading class sun/reflect/annotation/TypeAnnotation$TypeAnnotationTargetInfo
Event: 143.318 Loading class sun/reflect/annotation/TypeAnnotation$TypeAnnotationTargetInfo done
Event: 144.933 Loading class jdk/internal/reflect/UnsafeQualifiedObjectFieldAccessorImpl
Event: 144.933 Loading class jdk/internal/reflect/UnsafeQualifiedFieldAccessorImpl
Event: 144.934 Loading class jdk/internal/reflect/UnsafeQualifiedFieldAccessorImpl done
Event: 144.934 Loading class jdk/internal/reflect/UnsafeQualifiedObjectFieldAccessorImpl done

Classes unloaded (20 events):
Event: 122.069 Thread 0x000001c42c33a5c0 Unloading class 0x000001c42e880c00 'java/lang/invoke/LambdaForm$MH+0x000001c42e880c00'
Event: 122.069 Thread 0x000001c42c33a5c0 Unloading class 0x000001c42e880800 'java/lang/invoke/LambdaForm$MH+0x000001c42e880800'
Event: 122.069 Thread 0x000001c42c33a5c0 Unloading class 0x000001c42e47c800 'jdk/internal/reflect/GeneratedConstructorAccessor36'
Event: 122.069 Thread 0x000001c42c33a5c0 Unloading class 0x000001c42e47c400 'jdk/internal/reflect/GeneratedConstructorAccessor35'
Event: 123.725 Thread 0x000001c42c33a5c0 Unloading class 0x000001c42eabc000 'jdk/internal/reflect/GeneratedSerializationConstructorAccessor2'
Event: 123.725 Thread 0x000001c42c33a5c0 Unloading class 0x000001c42e8f0000 'jdk/internal/reflect/GeneratedSerializationConstructorAccessor1'
Event: 123.725 Thread 0x000001c42c33a5c0 Unloading class 0x000001c42e97dc00 'java/lang/invoke/LambdaForm$MH+0x000001c42e97dc00'
Event: 123.725 Thread 0x000001c42c33a5c0 Unloading class 0x000001c42e97d800 'java/lang/invoke/LambdaForm$MH+0x000001c42e97d800'
Event: 123.725 Thread 0x000001c42c33a5c0 Unloading class 0x000001c42e97d400 'java/lang/invoke/LambdaForm$MH+0x000001c42e97d400'
Event: 123.725 Thread 0x000001c42c33a5c0 Unloading class 0x000001c42e97d000 'java/lang/invoke/LambdaForm$MH+0x000001c42e97d000'
Event: 123.725 Thread 0x000001c42c33a5c0 Unloading class 0x000001c42e97cc00 'java/lang/invoke/LambdaForm$MH+0x000001c42e97cc00'
Event: 123.725 Thread 0x000001c42c33a5c0 Unloading class 0x000001c42e97c800 'java/lang/invoke/LambdaForm$MH+0x000001c42e97c800'
Event: 123.725 Thread 0x000001c42c33a5c0 Unloading class 0x000001c42e97c400 'java/lang/invoke/LambdaForm$MH+0x000001c42e97c400'
Event: 123.725 Thread 0x000001c42c33a5c0 Unloading class 0x000001c42e97c000 'java/lang/invoke/LambdaForm$MH+0x000001c42e97c000'
Event: 123.725 Thread 0x000001c42c33a5c0 Unloading class 0x000001c42e880400 'java/lang/invoke/LambdaForm$MH+0x000001c42e880400'
Event: 123.725 Thread 0x000001c42c33a5c0 Unloading class 0x000001c42e880000 'java/lang/invoke/LambdaForm$MH+0x000001c42e880000'
Event: 134.959 Thread 0x000001c42c33a5c0 Unloading class 0x000001c42ec29000 'jdk/internal/reflect/GeneratedSerializationConstructorAccessor6'
Event: 134.959 Thread 0x000001c42c33a5c0 Unloading class 0x000001c42ec28c00 'jdk/internal/reflect/GeneratedSerializationConstructorAccessor5'
Event: 134.959 Thread 0x000001c42c33a5c0 Unloading class 0x000001c42ebd4400 'jdk/internal/reflect/GeneratedSerializationConstructorAccessor4'
Event: 134.959 Thread 0x000001c42c33a5c0 Unloading class 0x000001c42ebcc400 'jdk/internal/reflect/GeneratedSerializationConstructorAccessor3'

Classes redefined (0 events):
No events

Internal exceptions (20 events):
Event: 121.904 Thread 0x000001c42ca2f310 Exception <a 'java/io/FileNotFoundException'{0x0000000086acfcd8}> (0x0000000086acfcd8) 
thrown [s\src\hotspot\share\prims\jni.cpp, line 516]
Event: 121.906 Thread 0x000001c42ca2f310 Exception <a 'java/io/FileNotFoundException'{0x0000000086adc968}> (0x0000000086adc968) 
thrown [s\src\hotspot\share\prims\jni.cpp, line 516]
Event: 121.908 Thread 0x000001c42ca2f310 Exception <a 'java/io/FileNotFoundException'{0x0000000086ae9650}> (0x0000000086ae9650) 
thrown [s\src\hotspot\share\prims\jni.cpp, line 516]
Event: 121.991 Thread 0x000001c42ca2f310 Exception <a 'java/lang/NoSuchMethodError'{0x000000008b78c500}: 'int java.lang.invoke.DirectMethodHandle$Holder.invokeStaticInit(java.lang.Object, int, java.lang.Object, java.lang.Object, java.lang.Object, java.lang.Object)'> (0x000000008b78c500) 
thrown [s\src\hotspot\share\interpreter\linkResolver.cpp, line 759]
Event: 122.470 Thread 0x000001c42ca2f310 Exception <a 'java/lang/reflect/InvocationTargetException'{0x0000000088f1a7a0}> (0x0000000088f1a7a0) 
thrown [s\src\hotspot\share\runtime\reflection.cpp, line 1128]
Event: 122.496 Thread 0x000001c42ca2f310 Exception <a 'java/lang/reflect/InvocationTargetException'{0x0000000088f49d08}> (0x0000000088f49d08) 
thrown [s\src\hotspot\share\runtime\reflection.cpp, line 1128]
Event: 122.545 Thread 0x000001c42ca2f310 Exception <a 'java/lang/reflect/InvocationTargetException'{0x0000000088fa1308}> (0x0000000088fa1308) 
thrown [s\src\hotspot\share\runtime\reflection.cpp, line 1128]
Event: 125.399 Thread 0x000001c42ca2f310 Exception <a 'java/lang/reflect/InvocationTargetException'{0x000000008e5df8e0}> (0x000000008e5df8e0) 
thrown [s\src\hotspot\share\runtime\reflection.cpp, line 1128]
Event: 126.019 Thread 0x000001c42ca2f310 Exception <a 'java/lang/reflect/InvocationTargetException'{0x000000008c9b0350}> (0x000000008c9b0350) 
thrown [s\src\hotspot\share\runtime\reflection.cpp, line 1128]
Event: 126.030 Thread 0x000001c42ca2f310 Exception <a 'java/lang/reflect/InvocationTargetException'{0x000000008c9c6ca8}> (0x000000008c9c6ca8) 
thrown [s\src\hotspot\share\runtime\reflection.cpp, line 1128]
Event: 126.045 Thread 0x000001c42ca2f310 Exception <a 'java/lang/reflect/InvocationTargetException'{0x000000008c9d5fd0}> (0x000000008c9d5fd0) 
thrown [s\src\hotspot\share\runtime\reflection.cpp, line 1128]
Event: 126.063 Thread 0x000001c42ca2f310 Exception <a 'java/lang/reflect/InvocationTargetException'{0x000000008c9fbf60}> (0x000000008c9fbf60) 
thrown [s\src\hotspot\share\runtime\reflection.cpp, line 1128]
Event: 126.752 Thread 0x000001c42ca2f310 Exception <a 'java/lang/reflect/InvocationTargetException'{0x000000008a262128}> (0x000000008a262128) 
thrown [s\src\hotspot\share\runtime\reflection.cpp, line 1128]
Event: 126.820 Thread 0x000001c42ca2f310 Exception <a 'java/lang/reflect/InvocationTargetException'{0x000000008a2b9450}> (0x000000008a2b9450) 
thrown [s\src\hotspot\share\runtime\reflection.cpp, line 1128]
Event: 127.973 Thread 0x000001c42ca2f310 Exception <a 'java/lang/NoSuchMethodError'{0x000000008ddec1c0}: 'java.lang.Object java.lang.invoke.DirectMethodHandle$Holder.invokeInterface(java.lang.Object, java.lang.Object, int)'> (0x000000008ddec1c0) 
thrown [s\src\hotspot\share\interpreter\linkResolver.cpp, line 759]
Event: 131.332 Thread 0x000001c42ca2f310 Exception <a 'java/lang/NoSuchMethodError'{0x000000008b37b140}: 'java.lang.Object java.lang.invoke.DirectMethodHandle$Holder.invokeSpecial(java.lang.Object, java.lang.Object, java.lang.Object, java.lang.Object, java.lang.Object, java.lang.Object, java.lang.Object, java.lang.Object, java.lang.Object, java.lang.Object, java.lang.Object)'> (0x000000008b37b140) 
thrown [s\src\hotspot\share\interpreter\linkResolver.cpp, line 759]
Event: 131.333 Thread 0x000001c42ca2f310 Exception <a 'java/lang/NoSuchMethodError'{0x000000008b37fd68}: 'java.lang.Object java.lang.invoke.Invokers$Holder.invoke_MT(java.lang.Object, java.lang.Object, java.lang.Object, java.lang.Object, java.lang.Object, java.lang.Object, java.lang.Object, java.lang.Object, java.lang.Object, java.lang.Object, java.lang.Object)'> (0x000000008b37fd68) 
thrown [s\src\hotspot\share\interpreter\linkResolver.cpp, line 759]
Event: 143.692 Thread 0x000001c42ca2f310 Exception <a 'java/lang/IncompatibleClassChangeError'{0x000000009bf75b60}: Found class java.lang.Object, but interface was expected> (0x000000009bf75b60) 
thrown [s\src\hotspot\share\interpreter\linkResolver.cpp, line 826]
Event: 143.727 Thread 0x000001c42ca2f310 Exception <a 'sun/nio/fs/WindowsException'{0x000000009bfe2e10}> (0x000000009bfe2e10) 
thrown [s\src\hotspot\share\prims\jni.cpp, line 516]
Event: 144.298 Thread 0x000001c42ca2f310 Exception <a 'java/lang/NoSuchMethodError'{0x000000009b6ac360}: 'java.lang.Object java.lang.invoke.DirectMethodHandle$Holder.invokeInterface(java.lang.Object, java.lang.Object, java.lang.Object, java.lang.Object)'> (0x000000009b6ac360) 
thrown [s\src\hotspot\share\interpreter\linkResolver.cpp, line 759]

VM Operations (20 events):
Event: 140.778 Executing VM operation: Cleanup done
Event: 141.633 Executing VM operation: HandshakeAllThreads
Event: 141.633 Executing VM operation: HandshakeAllThreads done
Event: 142.264 Executing VM operation: HandshakeAllThreads
Event: 142.264 Executing VM operation: HandshakeAllThreads done
Event: 142.265 Executing VM operation: Cleanup
Event: 142.265 Executing VM operation: Cleanup done
Event: 143.277 Executing VM operation: Cleanup
Event: 143.278 Executing VM operation: Cleanup done
Event: 143.284 Executing VM operation: HandshakeAllThreads
Event: 143.284 Executing VM operation: HandshakeAllThreads done
Event: 143.286 Executing VM operation: HandshakeAllThreads
Event: 143.286 Executing VM operation: HandshakeAllThreads done
Event: 143.755 Executing VM operation: HandshakeAllThreads
Event: 143.755 Executing VM operation: HandshakeAllThreads done
Event: 144.543 Executing VM operation: HandshakeAllThreads
Event: 144.543 Executing VM operation: HandshakeAllThreads done
Event: 144.543 Executing VM operation: Cleanup
Event: 144.543 Executing VM operation: Cleanup done
Event: 145.556 Executing VM operation: Cleanup

Memory protections (0 events):
No events

Nmethod flushes (0 events):
No events

Events (20 events):
Event: 75.526 Thread 0x000001c42ca2f310 Thread added: 0x000001c473702290
Event: 75.656 Thread 0x000001c473702290 Thread added: 0x000001c47391d030
Event: 76.040 Thread 0x000001c473700830 Thread exited: 0x000001c473700830
Event: 78.359 Thread 0x000001c42cbc1750 Thread added: 0x000001c4726799a0
Event: 87.600 Thread 0x000001c47391d030 Thread exited: 0x000001c47391d030
Event: 88.520 Thread 0x000001c4726799a0 Thread exited: 0x000001c4726799a0
Event: 94.881 Thread 0x000001c42c363f50 Thread added: 0x000001c474147590
Event: 97.294 Thread 0x000001c474147590 Thread exited: 0x000001c474147590
Event: 97.294 Thread 0x000001c42cbc1750 Thread exited: 0x000001c42cbc1750
Event: 105.662 Thread 0x000001c473702290 Thread added: 0x000001c474049f40
Event: 112.315 Thread 0x000001c474049f40 Thread exited: 0x000001c474049f40
Event: 113.740 Thread 0x000001c42c363f50 Thread added: 0x000001c472ea0700
Event: 115.042 Thread 0x000001c472ea0700 Thread exited: 0x000001c472ea0700
Event: 118.111 Thread 0x000001c42c363f50 Thread added: 0x000001c4737844e0
Event: 119.864 Thread 0x000001c42ca2f310 Thread added: 0x000001c473ea0ec0
Event: 120.442 Thread 0x000001c42ca2f310 Thread added: 0x000001c473e9ff90
Event: 121.607 Thread 0x000001c42ca2f310 Thread added: 0x000001c473ea04a0
Event: 121.613 Thread 0x000001c42ca2f310 Thread added: 0x000001c473ea09b0
Event: 121.626 Thread 0x000001c42ca2f310 Thread added: 0x000001c473ea13d0
Event: 133.196 Thread 0x000001c4737844e0 Thread exited: 0x000001c4737844e0


Dynamic libraries:
0x00007ff627d60000 - 0x00007ff627d6e000 	C:\Users\Samsung\.jdks\ms-17.0.17\bin\java.exe
0x00007ff9bc200000 - 0x00007ff9bc467000 	C:\WINDOWS\SYSTEM32\ntdll.dll
0x00007ff9baca0000 - 0x00007ff9bad69000 	C:\WINDOWS\System32\KERNEL32.DLL
0x00007ff9b9030000 - 0x00007ff9b9424000 	C:\WINDOWS\System32\KERNELBASE.dll
0x00007ff9b8ad0000 - 0x00007ff9b8c1b000 	C:\WINDOWS\System32\ucrtbase.dll
0x00007ff98cd30000 - 0x00007ff98cd48000 	C:\Users\Samsung\.jdks\ms-17.0.17\bin\jli.dll
0x00007ff98cd10000 - 0x00007ff98cd2e000 	C:\Users\Samsung\.jdks\ms-17.0.17\bin\VCRUNTIME140.dll
0x00007ff9ba540000 - 0x00007ff9ba705000 	C:\WINDOWS\System32\USER32.dll
0x00007ff9b8eb0000 - 0x00007ff9b8ed7000 	C:\WINDOWS\System32\win32u.dll
0x00007ff9ba790000 - 0x00007ff9ba7bb000 	C:\WINDOWS\System32\GDI32.dll
0x00007ff9b8cd0000 - 0x00007ff9b8dfb000 	C:\WINDOWS\System32\gdi32full.dll
0x00007ff9a3dc0000 - 0x00007ff9a4053000 	C:\WINDOWS\WinSxS\amd64_microsoft.windows.common-controls_6595b64144ccf1df_6.0.26100.8115_none_3e075c82e3354f9c\COMCTL32.dll
0x00007ff9bbd30000 - 0x00007ff9bbdd9000 	C:\WINDOWS\System32\msvcrt.dll
0x00007ff9b8c20000 - 0x00007ff9b8cc3000 	C:\WINDOWS\System32\msvcp_win.dll
0x00007ff9ba090000 - 0x00007ff9ba0c2000 	C:\WINDOWS\System32\IMM32.DLL
0x00007ff98ba80000 - 0x00007ff98ba8c000 	C:\Users\Samsung\.jdks\ms-17.0.17\bin\vcruntime140_1.dll
0x00007ff989e70000 - 0x00007ff989ef9000 	C:\Users\Samsung\.jdks\ms-17.0.17\bin\msvcp140.dll
0x00007ff8fb090000 - 0x00007ff8fbd0a000 	C:\Users\Samsung\.jdks\ms-17.0.17\bin\server\jvm.dll
0x00007ff9ba280000 - 0x00007ff9ba336000 	C:\WINDOWS\System32\ADVAPI32.dll
0x00007ff9ba1c0000 - 0x00007ff9ba267000 	C:\WINDOWS\System32\sechost.dll
0x00007ff9ba940000 - 0x00007ff9baa58000 	C:\WINDOWS\System32\RPCRT4.dll
0x00007ff9baa70000 - 0x00007ff9baaf0000 	C:\WINDOWS\System32\WS2_32.dll
0x00007ff9b8930000 - 0x00007ff9b898e000 	C:\WINDOWS\SYSTEM32\POWRPROF.dll
0x00007ff9a4620000 - 0x00007ff9a4656000 	C:\WINDOWS\SYSTEM32\WINMM.dll
0x00007ff9a7790000 - 0x00007ff9a779b000 	C:\WINDOWS\SYSTEM32\VERSION.dll
0x00007ff9b8910000 - 0x00007ff9b8924000 	C:\WINDOWS\SYSTEM32\UMPDC.dll
0x00007ff9b7840000 - 0x00007ff9b785b000 	C:\WINDOWS\SYSTEM32\kernel.appcore.dll
0x00007ff98ae00000 - 0x00007ff98ae0a000 	C:\Users\Samsung\.jdks\ms-17.0.17\bin\jimage.dll
0x00007ff9b6ad0000 - 0x00007ff9b6d12000 	C:\WINDOWS\SYSTEM32\DBGHELP.DLL
0x00007ff9bb510000 - 0x00007ff9bb892000 	C:\WINDOWS\System32\combase.dll
0x00007ff9ba0d0000 - 0x00007ff9ba1a8000 	C:\WINDOWS\System32\OLEAUT32.dll
0x00007ff99fdd0000 - 0x00007ff99fe0b000 	C:\WINDOWS\SYSTEM32\dbgcore.DLL
0x00007ff9b8e00000 - 0x00007ff9b8ea5000 	C:\WINDOWS\System32\bcryptPrimitives.dll
0x00007ff98b830000 - 0x00007ff98b856000 	C:\Users\Samsung\.jdks\ms-17.0.17\bin\java.dll
0x00007ff989d90000 - 0x00007ff989e66000 	C:\Users\Samsung\.jdks\ms-17.0.17\bin\jsvml.dll
0x00007ff9bada0000 - 0x00007ff9bb507000 	C:\WINDOWS\System32\SHELL32.dll
0x00007ff9b95b0000 - 0x00007ff9b971a000 	C:\WINDOWS\System32\wintypes.dll
0x00007ff9b9720000 - 0x00007ff9b9f88000 	C:\WINDOWS\System32\windows.storage.dll
0x00007ff9b9f90000 - 0x00007ff9ba088000 	C:\WINDOWS\System32\SHCORE.dll
0x00007ff9ba7c0000 - 0x00007ff9ba826000 	C:\WINDOWS\System32\shlwapi.dll
0x00007ff9b89f0000 - 0x00007ff9b8a19000 	C:\WINDOWS\SYSTEM32\profapi.dll
0x00007ff989640000 - 0x00007ff98965b000 	C:\Users\Samsung\.jdks\ms-17.0.17\bin\net.dll
0x00007ff9ae1b0000 - 0x00007ff9ae2dd000 	C:\WINDOWS\SYSTEM32\WINHTTP.dll
0x00007ff9b7dd0000 - 0x00007ff9b7e3c000 	C:\WINDOWS\system32\mswsock.dll
0x00007ff989580000 - 0x00007ff989596000 	C:\Users\Samsung\.jdks\ms-17.0.17\bin\nio.dll
0x00007ff989510000 - 0x00007ff989528000 	C:\Users\Samsung\.jdks\ms-17.0.17\bin\zip.dll
0x00007ff98b900000 - 0x00007ff98b90a000 	C:\Users\Samsung\.jdks\ms-17.0.17\bin\management.dll
0x00007ff98b8f0000 - 0x00007ff98b8fc000 	C:\Users\Samsung\.jdks\ms-17.0.17\bin\management_ext.dll
0x00007ff9bbe40000 - 0x00007ff9bbe48000 	C:\WINDOWS\System32\PSAPI.DLL
0x00007ff98b820000 - 0x00007ff98b82e000 	C:\Users\Samsung\.jdks\ms-17.0.17\bin\sunmscapi.dll
0x00007ff9b9430000 - 0x00007ff9b95a7000 	C:\WINDOWS\System32\CRYPT32.dll
0x00007ff9b82d0000 - 0x00007ff9b8300000 	C:\WINDOWS\SYSTEM32\ncrypt.dll
0x00007ff9b8280000 - 0x00007ff9b82bf000 	C:\WINDOWS\SYSTEM32\NTASN1.dll
0x00007ff9b80b0000 - 0x00007ff9b80cb000 	C:\WINDOWS\SYSTEM32\CRYPTSP.dll
0x00007ff9b77a0000 - 0x00007ff9b77d9000 	C:\WINDOWS\system32\rsaenh.dll
0x00007ff9b7e80000 - 0x00007ff9b7eb3000 	C:\WINDOWS\SYSTEM32\USERENV.dll
0x00007ff9b89c0000 - 0x00007ff9b89ea000 	C:\WINDOWS\SYSTEM32\bcrypt.dll
0x00007ff9b80d0000 - 0x00007ff9b80dc000 	C:\WINDOWS\SYSTEM32\CRYPTBASE.dll
0x00007ff9b7260000 - 0x00007ff9b7292000 	C:\WINDOWS\SYSTEM32\IPHLPAPI.DLL
0x00007ff9baa60000 - 0x00007ff9baa6a000 	C:\WINDOWS\System32\NSI.dll
0x00007ff9ae530000 - 0x00007ff9ae54d000 	C:\WINDOWS\SYSTEM32\dhcpcsvc6.DLL
0x00007ff9ae4a0000 - 0x00007ff9ae4c5000 	C:\WINDOWS\SYSTEM32\dhcpcsvc.DLL
0x00007ff9b7300000 - 0x00007ff9b7432000 	C:\WINDOWS\SYSTEM32\DNSAPI.dll
0x00007ff9a79f0000 - 0x00007ff9a79fb000 	C:\Windows\System32\rasadhlp.dll
0x00007ff9ae780000 - 0x00007ff9ae806000 	C:\WINDOWS\System32\fwpuclnt.dll
0x00007ff9a69d0000 - 0x00007ff9a69d9000 	C:\Users\Samsung\.jdks\ms-17.0.17\bin\extnet.dll
0x00007ff994010000 - 0x00007ff994028000 	C:\WINDOWS\system32\napinsp.dll
0x00007ff993ff0000 - 0x00007ff994003000 	C:\WINDOWS\System32\winrnr.dll
0x00007ff991e10000 - 0x00007ff991e32000 	C:\WINDOWS\system32\nlansp_c.dll
0x00007ff9a7530000 - 0x00007ff9a7546000 	C:\WINDOWS\system32\wshbth.dll
0x00007ff9b2340000 - 0x00007ff9b2348000 	C:\WINDOWS\system32\wshunix.dll

dbghelp: loaded successfully - version: 4.0.5 - missing functions: none
symbol engine: initialized successfully - sym options: 0x614 - pdb path: .;C:\Users\Samsung\.jdks\ms-17.0.17\bin;C:\WINDOWS\SYSTEM32;C:\WINDOWS\WinSxS\amd64_microsoft.windows.common-controls_6595b64144ccf1df_6.0.26100.8115_none_3e075c82e3354f9c;C:\Users\Samsung\.jdks\ms-17.0.17\bin\server

VM Arguments:
jvm_args: -XX:TieredStopAtLevel=1 -Dfile.encoding=UTF-8 -Duser.country=KR -Duser.language=ko -Duser.variant 
java_command: com.today.fridge.TodayFridgeApplication
java_class_path (initial): D:\project_final_backend_1-dev_merge\project_final_backend_1-dev_merge\build\classes\java\main;D:\project_final_backend_1-dev_merge\project_final_backend_1-dev_merge\build\resources\main;C:\Users\Samsung\.gradle\caches\modules-2\files-2.1\org.springframework.boot\spring-boot-devtools\3.5.13\6a2ea957698fa1f35032e8bb5f8dbc8744a52023\spring-boot-devtools-3.5.13.jar;C:\Users\Samsung\.gradle\caches\modules-2\files-2.1\org.springdoc\springdoc-openapi-starter-webmvc-ui\2.8.8\26c5d65001e0dac062d29f660b3206b13a757979\springdoc-openapi-starter-webmvc-ui-2.8.8.jar;C:\Users\Samsung\.gradle\caches\modules-2\files-2.1\org.springdoc\springdoc-openapi-starter-webmvc-api\2.8.8\9a33d1f0a7490caf75d2eea70dae4d2bdd3f9faa\springdoc-openapi-starter-webmvc-api-2.8.8.jar;C:\Users\Samsung\.gradle\caches\modules-2\files-2.1\org.springdoc\springdoc-openapi-starter-common\2.8.8\9e092aa612784906875ae6e2f928b6c32bf5f7e4\springdoc-openapi-starter-common-2.8.8.jar;C:\Users\Samsung\.gradle\caches\modules-2\files-2.1\org.flywaydb\flyway-database-postgresql\11.7.2\6cca0e7f6fdded39ddc302c97d9e12ecc8c9b96a\flyway-database-postgresql-11.7.2.jar;C:\Users\Samsung\.gradle\caches\modules-2\files-2.1\org.flywaydb\flyway-core\11.7.2\2e40f0465ab29c807a38aae56b4e636451a9ff99\flyway-core-11.7.2.jar;C:\Users\Samsung\.gradle\caches\modules-2\files-2.1\org.postgresql\postgresql\42.7.10\35100a3f0899551e27af8fed4a3414619a4663b3\postgresql-42.7.10.jar;C:\Users\Samsung\.gradle\caches\modules-2\files-2.1\io.jsonwebtoken\jjwt-impl\0.12.6\ac23673a84b6089e0369fb8ab2c69edd91cd6eb0\jjwt-impl-0.12.6.jar;C:\Users\Samsung\.gradle\caches\modules-2\files-2.1\io.jsonwebtoken\jjwt-jackson\0.12.6\f141e0c1136ba17f2632858238a31ae05642dbf8\jjwt-jackson-0.12.6.jar;C:\Users\Samsung\.gradle\caches\modules-2\files-2.1\io.jsonwebtoken\jjwt-api\0.12.6\478886a888f6add04937baf0361144504a024967\jjwt-api-0.12.6.jar;C:\Users\Samsung\.gradle\caches\modules-2\files-2.1\org.apache.httpcomponents.client5\httpclient5\5.5.2\
Launcher Type: SUN_STANDARD

[Global flags]
     intx CICompilerCount                          = 4                                         {product} {ergonomic}
     uint ConcGCThreads                            = 2                                         {product} {ergonomic}
     uint G1ConcRefinementThreads                  = 8                                         {product} {ergonomic}
   size_t G1HeapRegionSize                         = 1048576                                   {product} {ergonomic}
    uintx GCDrainStackTargetSize                   = 64                                        {product} {ergonomic}
   size_t InitialHeapSize                          = 132120576                                 {product} {ergonomic}
   size_t MarkStackSize                            = 4194304                                   {product} {ergonomic}
   size_t MaxHeapSize                              = 2086666240                                {product} {ergonomic}
   size_t MaxNewSize                               = 1251999744                                {product} {ergonomic}
   size_t MinHeapDeltaBytes                        = 1048576                                   {product} {ergonomic}
   size_t MinHeapSize                              = 8388608                                   {product} {ergonomic}
    uintx NonProfiledCodeHeapSize                  = 0                                      {pd product} {ergonomic}
     bool ProfileInterpreter                       = false                                  {pd product} {command line}
    uintx ProfiledCodeHeapSize                     = 0                                      {pd product} {ergonomic}
   size_t SoftMaxHeapSize                          = 2086666240                             {manageable} {ergonomic}
     intx TieredStopAtLevel                        = 1                                         {product} {command line}
     bool UseCompressedClassPointers               = true                           {product lp64_product} {ergonomic}
     bool UseCompressedOops                        = true                           {product lp64_product} {ergonomic}
     bool UseG1GC                                  = true                                      {product} {ergonomic}
     bool UseLargePagesIndividualAllocation        = false                                  {pd product} {ergonomic}

Logging:
Log output configuration:
 #0: stdout all=warning uptime,level,tags
 #1: stderr all=off uptime,level,tags

Environment Variables:
JAVA_HOME=C:\Users\Samsung\AppData\Roaming\Code\User\globalStorage\pleiades.java-extension-pack-jdk\java\25
PATH=C:\Users\Samsung\bin;C:\Program Files\Git\mingw64\bin;C:\Program Files\Git\usr\local\bin;C:\Program Files\Git\usr\bin;C:\Program Files\Git\usr\bin;C:\Program Files\Git\mingw64\bin;C:\Program Files\Git\usr\bin;C:\Users\Samsung\bin;C:\Users\Samsung\AppData\Roaming\Code\User\globalStorage\pleiades.java-extension-pack-jdk\java\25\bin;C:\Users\Samsung\AppData\Local\Programs\Microsoft VS Code;C:\WINDOWS\system32;C:\WINDOWS;C:\WINDOWS\System32\Wbem;C:\WINDOWS\System32\WindowsPowerShell\v1.0;C:\WINDOWS\System32\OpenSSH;C:\Program Files\dotnet;C:\Program Files\Git\cmd;%USERPROFILE%\AppData\Local\Muse Hub\lib;C:\ProgramData\chocolatey\bin;C:\Program Files\Docker\Docker\resources\bin;C:\Users\Samsung\AppData\Local\nvm;C:\nvm4w\nodejs;C:\Users\Samsung\gradle-9.3.1-bin\gradle-9.3.1\bin;C:\Users\Samsung\.jdks\ms-17.0.17\bin;C:\Program Files (x86)\Graphviz\bin;C:\Program Files\GitHub CLI;C:\Program Files (x86)\Google\Cloud SDK\google-cloud-sdk\bin;C:\Users\Samsung\.local\bin;C:\Users\Samsung\AppData\Local\Programs\Python\Python310\Scripts;C:\Users\Samsung\AppData\Local\Programs\Python\Python310;C:\Users\Samsung\AppData\Local\Programs\Python\Python312\Scripts;C:\Users\Samsung\AppData\Local\Programs\Python\Python312;C:\Ruby34-x64\bin;C:\Users\Samsung\AppData\Local\Programs\Python\Python314\Scripts;C:\Users\Samsung\AppData\Local\Programs\Python\Python314;C:\Users\Samsung\AppData\Local\Microsoft\WindowsApps;C:\Users\Samsung\AppData\Local\Programs\Microsoft VS Code\bin;C:\Program Files\JetBrains\IntelliJ IDEA 2025.3.1.1\bin;C:\Users\Samsung\AppData\Roaming\npm;C:\Users\Samsung\AppData\Local\Muse Hub\lib;C:\Users\Samsung\AppData\Local\Programs\Antigravity\bin;C:\Users\Samsung\.lmstudio\bin;C:\Users\Samsung\AppData\Local\Programs\Ollama;C:\Program Files\Git\usr\bin\vendor_perl;C:\Program Files\Git\usr\bin\core_perl
USERNAME=Samsung
SHELL=C:\Program Files\Git\usr\bin\bash.exe
DISPLAY=needs-to-be-defined
LANG=ko_KR.UTF-8
TERM=xterm-256color
TMPDIR=C:\Users\Samsung\AppData\Local\Temp
OS=Windows_NT
PROCESSOR_IDENTIFIER=Intel64 Family 6 Model 126 Stepping 5, GenuineIntel
TMP=C:\Users\Samsung\AppData\Local\Temp
TEMP=C:\Users\Samsung\AppData\Local\Temp



Periodic native trim disabled


---------------  S Y S T E M  ---------------

OS:
 Windows 11 , 64 bit Build 26100 (10.0.26100.8246)
OS uptime: 1 days 17:11 hours
Hyper-V role detected

CPU: total 8 (initial active 8) (4 cores per cpu, 2 threads per core) family 6 model 126 stepping 5 microcode 0xa0, cx8, cmov, fxsr, ht, mmx, 3dnowpref, sse, sse2, sse3, ssse3, sse4.1, sse4.2, popcnt, lzcnt, tsc, tscinvbit, avx, avx2, aes, erms, clmul, bmi1, bmi2, adx, avx512f, avx512dq, avx512cd, avx512bw, avx512vl, sha, fma, vzeroupper, avx512_vpopcntdq, avx512_vpclmulqdq, avx512_vaes, avx512_vnni, clflush, clflushopt, avx512_vbmi2, avx512_vbmi, hv
Processor Information for the first 8 processors :
  Max Mhz: 1498, Current Mhz: 1098, Mhz Limit: 1093

Memory: 4k page, system-wide physical 7953M (493M free)
TotalPageFile size 32529M (AvailPageFile size 68M)
current process WorkingSet (physical memory assigned to process): 537M, peak: 538M
current process commit charge ("private bytes"): 690M, peak: 691M

vm_info: OpenJDK 64-Bit Server VM (17.0.17+10-LTS) for windows-amd64 JRE (17.0.17+10-LTS), built on Oct 13 2025 22:19:56 by "MicrosoftCorporation" with unknown MS VC++:1944

END.
